ano;data;dataVencimento;itens;numero;ocorrencias;origem_arquivo
2020;2020-04-22;2021-04-22;itens_6a397c07-6fa0-4fb6-8658-9a3817625a5b.csv;118; ;atasRegistroPrecos_0051806c-74fc-4ec3-b077-6abe79ff7683.csv
2020;2020-04-22;2021-04-22;itens_d3d88451-a423-4c57-8b74-a3016227df3a.csv;119; ;atasRegistroPrecos_0051806c-74fc-4ec3-b077-6abe79ff7683.csv
2020;2020-04-22;2021-04-22;itens_ca1e1c6e-e31e-4693-96bf-f33a84917ca8.csv;22; ;atasRegistroPrecos_0051806c-74fc-4ec3-b077-6abe79ff7683.csv
2020;2020-04-22;2021-04-22;itens_d0c91e28-a3b1-408d-b929-8d4bb6e7fb4a.csv;116; ;atasRegistroPrecos_0051806c-74fc-4ec3-b077-6abe79ff7683.csv
2020;2020-04-22;2021-04-22;itens_bd88b5cf-384b-4e95-b5e0-7081426e6263.csv;120; ;atasRegistroPrecos_0051806c-74fc-4ec3-b077-6abe79ff7683.csv
2020;2020-04-22;2021-04-22;itens_64a5d6e6-307d-4b8f-9902-e2bc0f4926ef.csv;117; ;atasRegistroPrecos_0051806c-74fc-4ec3-b077-6abe79ff7683.csv
2020;2020-09-02;2021-09-02;itens_d2a0d836-bde5-4a98-9842-ccc804faf324.csv;189; ;atasRegistroPrecos_04635f53-f6c8-4b2b-8081-d8c9774e66de.csv
2020;2020-09-02;2021-09-02;itens_d11a928c-79a3-44f2-80fd-22f09ad175a3.csv;60; ;atasRegistroPrecos_04635f53-f6c8-4b2b-8081-d8c9774e66de.csv
2020;2020-04-09;2021-04-09;itens_ff969ed0-2eff-4f14-9874-b4f7c6bcb552.csv;20; ;atasRegistroPrecos_05127ddd-d911-40bd-bac7-310c571d4e8e.csv
2020;2020-11-17;2021-11-17;itens_e756ece4-21e0-460c-9d66-473ad3e91738.csv;206; ;atasRegistroPrecos_0652b1ea-4617-40f5-8219-60bdecdc757f.csv
2020;2020-11-17;2021-11-17;itens_3359ddb3-b912-49b5-84d7-0acd202bafa4.csv;73; ;atasRegistroPrecos_0652b1ea-4617-40f5-8219-60bdecdc757f.csv
2020;2020-05-05;2021-05-05;itens_9ca3b129-4b94-4f69-bedb-a31f3ea87704.csv;9; ;atasRegistroPrecos_06fe1f4e-5eed-4194-b0ab-04351e08e3bd.csv
2020;2020-05-05;2021-05-05;itens_2bd6f28b-758e-43ae-b75a-d86eb3556484.csv;73; ;atasRegistroPrecos_06fe1f4e-5eed-4194-b0ab-04351e08e3bd.csv
2020;2020-10-01;2021-10-01;itens_69fa02ea-af89-4ff0-95f0-3af294e6ade3.csv;28; ;atasRegistroPrecos_0db5960d-c6bd-451d-acc7-94cee588626c.csv
2020;2020-10-01;2021-10-01;itens_5bf262d7-7a73-44b2-8638-ac5c55e011e8.csv;128; ;atasRegistroPrecos_0db5960d-c6bd-451d-acc7-94cee588626c.csv
2020;2020-10-01;2021-10-01;itens_12cdefa7-80e3-4913-bdac-8dc4dfa9cb6f.csv;131; ;atasRegistroPrecos_0db5960d-c6bd-451d-acc7-94cee588626c.csv
2020;2020-10-01;2021-10-01;itens_5df9a2a0-237f-40cf-8048-2941a94bc09f.csv;125; ;atasRegistroPrecos_0db5960d-c6bd-451d-acc7-94cee588626c.csv
2020;2020-10-01;2021-10-01;itens_9dbdcfc9-5516-4e86-9273-cdeae6972f81.csv;122; ;atasRegistroPrecos_0db5960d-c6bd-451d-acc7-94cee588626c.csv
2020;2020-10-01;2021-10-01;itens_6ba607a9-bea8-42c3-b857-5b10deac96aa.csv;124; ;atasRegistroPrecos_0db5960d-c6bd-451d-acc7-94cee588626c.csv
2020;2020-10-01;2021-10-01;itens_e3859da5-b2ec-4b59-b07a-4bacd28bf462.csv;126; ;atasRegistroPrecos_0db5960d-c6bd-451d-acc7-94cee588626c.csv
2020;2020-10-01;2021-10-01;itens_af646e39-1810-4383-9893-0449abe465d4.csv;117; ;atasRegistroPrecos_0db5960d-c6bd-451d-acc7-94cee588626c.csv
2020;2020-10-01;2021-10-01;itens_21be0ca9-8c5a-49ad-9c15-2f8eaa6fe937.csv;121; ;atasRegistroPrecos_0db5960d-c6bd-451d-acc7-94cee588626c.csv
2020;2020-10-01;2021-10-01;itens_6c6df5db-b654-46d4-a010-56fb3933b565.csv;127; ;atasRegistroPrecos_0db5960d-c6bd-451d-acc7-94cee588626c.csv
2020;2020-10-01;2021-10-01;itens_446f91e2-27fa-47c7-9804-d5fc5c285cae.csv;130; ;atasRegistroPrecos_0db5960d-c6bd-451d-acc7-94cee588626c.csv
2020;2020-10-01;2021-10-01;itens_db5ed4ac-a6af-46cb-9ce7-cd1ba2fdd67e.csv;118; ;atasRegistroPrecos_0db5960d-c6bd-451d-acc7-94cee588626c.csv
2020;2020-10-01;2021-10-01;itens_699b18fc-55cf-4273-8007-2e1c5f623605.csv;132; ;atasRegistroPrecos_0db5960d-c6bd-451d-acc7-94cee588626c.csv
2020;2020-10-01;2021-10-01;itens_ed80bb0a-d2f7-4cda-8091-b7b1e110c164.csv;119; ;atasRegistroPrecos_0db5960d-c6bd-451d-acc7-94cee588626c.csv
2020;2020-10-01;2021-10-01;itens_ec1fc320-d619-44cd-897e-31d20d222a8e.csv;120; ;atasRegistroPrecos_0db5960d-c6bd-451d-acc7-94cee588626c.csv
2020;2020-10-01;2021-10-01;itens_acc1da23-d16b-4b9c-a5fb-e1c4f861d0e7.csv;129; ;atasRegistroPrecos_0db5960d-c6bd-451d-acc7-94cee588626c.csv
2020;2020-10-01;2021-10-01;itens_30a34429-bbd6-4a83-bfd2-4f3db126db4d.csv;123; ;atasRegistroPrecos_0db5960d-c6bd-451d-acc7-94cee588626c.csv
2020;2020-09-29;2021-09-29;itens_382c4e3f-c4c1-40d3-be38-e4c9f2f480ee.csv;69; ;atasRegistroPrecos_102d814a-08ba-4673-b792-94696dbf4278.csv
2020;2020-11-09;2021-11-09;itens_dade7d0b-ed13-48da-8178-1f53c3adeb15.csv;33; ;atasRegistroPrecos_11205cbc-084b-4a13-b57a-78fd75ba4c32.csv
2020;2020-10-20;2021-10-20;itens_584fa44d-1ebf-4a69-99ab-63f958e0478d.csv;30; ;atasRegistroPrecos_16a3d77e-a878-4be3-aece-964db2a85d8e.csv
2020;2020-06-25;2021-06-25;itens_b835dfbc-55ec-4efe-af9f-426452364395.csv;38; ;atasRegistroPrecos_1a7764b7-7888-4aec-b93c-3f3880a35bc0.csv
2020;2020-02-03;2021-02-03;itens_a5f8e7a2-76e7-4625-8a4a-bab7d4d4abd4.csv;79; ;atasRegistroPrecos_1bebc352-189e-4d1b-9e91-20366a2bbc9f.csv
2020;2020-02-03;2021-02-03;itens_5224792e-0818-43b9-adcd-78582335a116.csv;5; ;atasRegistroPrecos_1bebc352-189e-4d1b-9e91-20366a2bbc9f.csv
2020;2020-09-07;2021-09-07;itens_3cfedbf3-7471-43cf-8afe-c1b0e2918640.csv;61; ;atasRegistroPrecos_1d958fc8-58f5-470c-8190-4e933226ca46.csv
2020;2020-06-15;2021-06-15;itens_2e81f45c-04da-4f1f-88bf-17cc6a98e690.csv;79; ;atasRegistroPrecos_1db4e24a-8f61-4c62-b14a-d2da729df99b.csv
2020;2020-06-15;2021-06-15;itens_d7ecf9f5-ba09-44ab-b144-f38fc9b88cf8.csv;80; ;atasRegistroPrecos_1db4e24a-8f61-4c62-b14a-d2da729df99b.csv
2020;2020-06-15;2021-06-15;itens_eacf9e19-4be4-4e34-9678-bb5852964b25.csv;13; ;atasRegistroPrecos_1db4e24a-8f61-4c62-b14a-d2da729df99b.csv
2020;2020-12-15;2021-12-15;itens_8febfecd-8a26-4f03-bff4-15f5a075f3ac.csv;157; ;atasRegistroPrecos_1e80a707-fbeb-496d-aaf4-dd8c5bb0fc0b.csv
2020;2020-12-15;2021-12-15;itens_79d9fd62-9d69-472e-b412-61189235ec39.csv;153; ;atasRegistroPrecos_1e80a707-fbeb-496d-aaf4-dd8c5bb0fc0b.csv
2020;2020-12-15;2021-12-15;itens_14a8e906-1298-48e6-b673-f90774493e0a.csv;156; ;atasRegistroPrecos_1e80a707-fbeb-496d-aaf4-dd8c5bb0fc0b.csv
2020;2020-12-15;2021-12-15;itens_eb2d2032-ce2c-43ba-a8de-9fd4dbb46583.csv;152; ;atasRegistroPrecos_1e80a707-fbeb-496d-aaf4-dd8c5bb0fc0b.csv
2020;2020-12-15;2021-12-15;itens_66c8eebe-251b-4cfb-922d-efedd3542643.csv;38; ;atasRegistroPrecos_1e80a707-fbeb-496d-aaf4-dd8c5bb0fc0b.csv
2020;2020-12-15;2021-12-15;itens_556320e5-a8a9-4cee-984c-c78a553331bf.csv;155; ;atasRegistroPrecos_1e80a707-fbeb-496d-aaf4-dd8c5bb0fc0b.csv
2020;2020-12-15;2021-12-15;itens_a9ef7eee-71bc-4629-a31d-460ae08726d1.csv;154; ;atasRegistroPrecos_1e80a707-fbeb-496d-aaf4-dd8c5bb0fc0b.csv
2020;2020-10-23;2021-10-23;itens_b8722b3d-9b5c-4ce6-a039-59276a03b7b2.csv;205; ;atasRegistroPrecos_2189d68b-026b-4619-bff1-5170fc874e89.csv
2020;2020-10-23;2021-10-23;itens_f63cadf3-008f-458c-96ac-340ce30eae3d.csv;71; ;atasRegistroPrecos_2189d68b-026b-4619-bff1-5170fc874e89.csv
2020;2020-08-03;2021-08-03;itens_cafac933-6caa-4249-95ed-2544ecde3ba9.csv;175; ;atasRegistroPrecos_23384da4-9dc2-44fd-9d8f-b787610424ec.csv
2020;2020-08-03;2021-08-03;itens_9eb21f79-9af5-48f7-aac9-8a4e5b22ed3e.csv;53; ;atasRegistroPrecos_23384da4-9dc2-44fd-9d8f-b787610424ec.csv
2020;2020-08-03;2021-08-03;itens_98907105-aa17-4609-8d03-bd645a9276c2.csv;176; ;atasRegistroPrecos_23384da4-9dc2-44fd-9d8f-b787610424ec.csv
2020;2020-08-03;2021-08-03;itens_67b51a90-73e3-458b-861c-84862fe201b1.csv;177; ;atasRegistroPrecos_23384da4-9dc2-44fd-9d8f-b787610424ec.csv
2020;2020-08-03;2021-08-03;itens_85fe0f80-a08d-4f11-a1fd-4acbe0197efe.csv;174; ;atasRegistroPrecos_23384da4-9dc2-44fd-9d8f-b787610424ec.csv
2020;2020-11-19;2021-11-19;itens_4f1f22a6-071a-402e-8b7f-0700926522ce.csv;75; ;atasRegistroPrecos_23c20659-aadb-434f-8b53-8684681f3557.csv
2020;2020-06-22;2021-06-22;itens_d58554db-b8ba-4a3b-b066-2a7cf74cce3e.csv;154; ;atasRegistroPrecos_2411f516-4953-468d-9c66-600d40a0ddbe.csv
2020;2020-06-22;2021-06-22;itens_8918a43d-df86-4e4e-8906-f33c8250e9e7.csv;151; ;atasRegistroPrecos_2411f516-4953-468d-9c66-600d40a0ddbe.csv
2020;2020-06-22;2021-06-22;itens_3dd8d327-9898-486e-93db-089913af96c9.csv;156; ;atasRegistroPrecos_2411f516-4953-468d-9c66-600d40a0ddbe.csv
2020;2020-06-22;2021-06-22;itens_8f823f01-63af-49b4-b709-9b4e5b6618aa.csv;37; ;atasRegistroPrecos_2411f516-4953-468d-9c66-600d40a0ddbe.csv
2020;2020-06-22;2021-06-22;itens_ffc4e302-fddd-47c7-85c3-9213830cd1e2.csv;155; ;atasRegistroPrecos_2411f516-4953-468d-9c66-600d40a0ddbe.csv
2020;2020-06-22;2021-06-22;itens_d5295c84-c920-46ff-b2f5-3cbb5104f812.csv;152; ;atasRegistroPrecos_2411f516-4953-468d-9c66-600d40a0ddbe.csv
2020;2020-06-22;2021-06-22;itens_fdcf0955-5697-4a53-bbe8-9b5dd550ffed.csv;153; ;atasRegistroPrecos_2411f516-4953-468d-9c66-600d40a0ddbe.csv
2020;2020-06-09;2021-06-09;itens_e685e592-d397-4874-84a1-efadf4b80043.csv;143; ;atasRegistroPrecos_28de1a7d-174f-4e70-a75e-9d3e2b1cfb64.csv
2020;2020-06-09;2021-06-09;itens_eb30e28c-616c-42d4-81f1-c6c25b253cff.csv;144; ;atasRegistroPrecos_28de1a7d-174f-4e70-a75e-9d3e2b1cfb64.csv
2020;2020-06-09;2021-06-09;itens_863bb896-d0b1-4dd8-87ad-babc9a8e19b1.csv;31; ;atasRegistroPrecos_28de1a7d-174f-4e70-a75e-9d3e2b1cfb64.csv
2020;2020-05-05;2021-05-05;itens_5e8053de-9dad-4e4b-bdf4-d708987d863b.csv;24; ;atasRegistroPrecos_2947ead1-da83-47df-a04c-8aad5ba5f62a.csv
2020;2020-05-05;2021-05-05;itens_9334ef80-b035-451e-899f-7fdece8d9706.csv;133; ;atasRegistroPrecos_2947ead1-da83-47df-a04c-8aad5ba5f62a.csv
2020;2020-05-05;2021-05-05;itens_dd80f4fc-1926-4927-b7ed-9d47c4a7346d.csv;132; ;atasRegistroPrecos_2947ead1-da83-47df-a04c-8aad5ba5f62a.csv
2020;2020-05-05;2021-05-05;itens_21fcb87f-b22a-415d-829b-4d3a57c73052.csv;131; ;atasRegistroPrecos_2947ead1-da83-47df-a04c-8aad5ba5f62a.csv
2020;2020-08-24;2021-08-24;itens_ed1f2141-b629-44fa-97d0-b2e831759072.csv;56; ;atasRegistroPrecos_2a5dfc37-ca7f-4ef7-8eb3-e7f8e0982113.csv
2020;2020-08-24;2021-08-24;itens_317af72b-9b47-48cb-a872-643cdb1d1dc1.csv;181; ;atasRegistroPrecos_2a5dfc37-ca7f-4ef7-8eb3-e7f8e0982113.csv
2020;2020-08-24;2021-08-24;itens_33353cc0-2d34-4e38-b952-aac74cc44e7b.csv;184; ;atasRegistroPrecos_2a5dfc37-ca7f-4ef7-8eb3-e7f8e0982113.csv
2020;2020-08-24;2021-08-24;itens_5c6510ab-4363-49bd-8163-6a595ec689a5.csv;185; ;atasRegistroPrecos_2a5dfc37-ca7f-4ef7-8eb3-e7f8e0982113.csv
2020;2020-08-24;2021-08-24;itens_6325df9f-fef0-478e-bc8c-dd1199fa47df.csv;180; ;atasRegistroPrecos_2a5dfc37-ca7f-4ef7-8eb3-e7f8e0982113.csv
2020;2020-08-24;2021-08-24;itens_8cc0a9aa-3a5c-424e-92bf-eb87f0c463a3.csv;183; ;atasRegistroPrecos_2a5dfc37-ca7f-4ef7-8eb3-e7f8e0982113.csv
2020;2020-08-24;2021-08-24;itens_48fdca11-d2a3-4fc6-9078-a220333f1c21.csv;179; ;atasRegistroPrecos_2a5dfc37-ca7f-4ef7-8eb3-e7f8e0982113.csv
2020;2020-08-24;2021-08-24;itens_98cc2289-6ef6-4567-8f5e-485cbd5e3107.csv;186; ;atasRegistroPrecos_2a5dfc37-ca7f-4ef7-8eb3-e7f8e0982113.csv
2020;2020-08-24;2021-08-24;itens_39016293-38ff-48e0-bb80-3e4bb00e9c88.csv;182; ;atasRegistroPrecos_2a5dfc37-ca7f-4ef7-8eb3-e7f8e0982113.csv
2020;2020-08-24;2021-08-24;itens_a65afffe-f7d9-4b07-91b5-47a67dfd3ab5.csv;178; ;atasRegistroPrecos_2a5dfc37-ca7f-4ef7-8eb3-e7f8e0982113.csv
2020;2020-03-09;2021-03-09;itens_de4d7eab-a6ab-421f-bece-dec7f1349b67.csv;15; ;atasRegistroPrecos_304f7f9d-02c6-4def-8262-7a5ee9dca8f6.csv
2020;2020-12-14;2021-12-14;itens_8e9eaff5-5819-4fc5-932d-38bf1547cd4c.csv;77; ;atasRegistroPrecos_30baa25d-361d-420d-b883-da904b29573a.csv
2020;2020-12-14;2021-12-14;itens_36d50629-124b-40b2-8d2a-ae0655d141fd.csv;207; ;atasRegistroPrecos_30baa25d-361d-420d-b883-da904b29573a.csv
2020;2020-12-14;2021-12-14;itens_9fdc1035-4c45-4720-b375-cfce8d69de1a.csv;208; ;atasRegistroPrecos_30baa25d-361d-420d-b883-da904b29573a.csv
2020;2020-12-14;2021-12-14;itens_54337626-0e1d-4500-a27a-2707c515b186.csv;210; ;atasRegistroPrecos_30baa25d-361d-420d-b883-da904b29573a.csv
2020;2020-12-14;2021-12-14;itens_5bc0d43d-4009-4764-b8e3-654063cc5b2c.csv;209; ;atasRegistroPrecos_30baa25d-361d-420d-b883-da904b29573a.csv
2020;2020-03-18;2021-03-18;itens_a166cf27-62ff-4921-9edd-fca55a1098b7.csv;109; ;atasRegistroPrecos_327cfd4b-a9c5-40c7-889b-8c4ff2619a68.csv
2020;2020-03-18;2021-03-18;itens_9aa0dfc3-b63c-41d1-be74-9da6ebe6fcf4.csv;19; ;atasRegistroPrecos_327cfd4b-a9c5-40c7-889b-8c4ff2619a68.csv
2020;2020-03-18;2021-03-18;itens_c33ac94b-d50d-4d50-b4f5-17cbc3ccedff.csv;106; ;atasRegistroPrecos_327cfd4b-a9c5-40c7-889b-8c4ff2619a68.csv
2020;2020-03-18;2021-03-18;itens_04847e79-80ff-4581-8548-0af8d60ccd7f.csv;113; ;atasRegistroPrecos_327cfd4b-a9c5-40c7-889b-8c4ff2619a68.csv
2020;2020-03-18;2021-03-18;itens_8e1ec70b-5315-4411-a375-45c47485b7af.csv;112; ;atasRegistroPrecos_327cfd4b-a9c5-40c7-889b-8c4ff2619a68.csv
2020;2020-03-18;2021-03-18;itens_3fd677cb-b549-4d33-8ab5-42071ddbd560.csv;107; ;atasRegistroPrecos_327cfd4b-a9c5-40c7-889b-8c4ff2619a68.csv
2020;2020-03-18;2021-03-18;itens_ee4d8a24-5c60-49f6-a74e-f8fc1c085c5f.csv;110; ;atasRegistroPrecos_327cfd4b-a9c5-40c7-889b-8c4ff2619a68.csv
2020;2020-03-18;2021-03-18;itens_6699f9f9-4892-4403-a57b-251e0cb51f36.csv;104; ;atasRegistroPrecos_327cfd4b-a9c5-40c7-889b-8c4ff2619a68.csv
2020;2020-03-18;2021-03-18;itens_52265028-1155-4f4c-ba39-74783ba03501.csv;108; ;atasRegistroPrecos_327cfd4b-a9c5-40c7-889b-8c4ff2619a68.csv
2020;2020-03-18;2021-03-18;itens_ef489ce7-a104-4165-91a7-972cf7f012db.csv;111; ;atasRegistroPrecos_327cfd4b-a9c5-40c7-889b-8c4ff2619a68.csv
2020;2020-03-18;2021-03-18;itens_cc66f0a2-340b-4e1f-bfcb-d2186b720f15.csv;105; ;atasRegistroPrecos_327cfd4b-a9c5-40c7-889b-8c4ff2619a68.csv
2020;2020-05-15;2021-05-15;itens_07e0f192-17c0-473a-8bd2-d81608c1575d.csv;136; ;atasRegistroPrecos_330e52f9-9054-4848-bb80-d23110a48538.csv
2020;2020-05-15;2021-05-15;itens_772dd17e-ed81-4aba-93f7-2c6045d52d65.csv;26; ;atasRegistroPrecos_330e52f9-9054-4848-bb80-d23110a48538.csv
2020;2020-05-15;2021-05-15;itens_cbc7bb91-c776-41bd-b9f1-fcef8ff12a4a.csv;135; ;atasRegistroPrecos_330e52f9-9054-4848-bb80-d23110a48538.csv
2020;2020-05-15;2021-05-15;itens_89be5f74-3acc-4744-9c2e-c17ef76cef1f.csv;137; ;atasRegistroPrecos_330e52f9-9054-4848-bb80-d23110a48538.csv
2020;2020-05-15;2021-05-15;itens_edcbeec5-cc86-4c07-8e1a-3d6936100a73.csv;138; ;atasRegistroPrecos_330e52f9-9054-4848-bb80-d23110a48538.csv
2020;2020-05-15;2021-05-15;itens_74b56a40-7991-4fb3-a5a8-e7fa18e9aa4c.csv;134; ;atasRegistroPrecos_330e52f9-9054-4848-bb80-d23110a48538.csv
2020;2020-12-22;2021-12-22;itens_b7aa8a09-efbf-4fe4-907d-c15b4091700b.csv;78; ;atasRegistroPrecos_3a352a1c-5adf-475b-8faf-88bfa5a49be8.csv
2020;2020-01-28;2021-01-28;itens_0146cdc2-0222-4631-9726-200ee3057b89.csv;3; ;atasRegistroPrecos_3b68b20d-e366-44fd-a6ab-eb330758db87.csv
2020;2020-06-12;2021-06-12;itens_a9128637-7dca-465e-b4be-c688a1508abf.csv;145; ;atasRegistroPrecos_3dfae333-790a-4879-b51e-720f509fa669.csv
2020;2020-06-12;2021-06-12;itens_e5d70831-ffe4-4db6-85d1-37a6d48eda85.csv;32; ;atasRegistroPrecos_3dfae333-790a-4879-b51e-720f509fa669.csv
2020;2020-06-12;2021-06-12;itens_d9ecbcab-15d1-4eaa-884c-5f71bcab126d.csv;149; ;atasRegistroPrecos_3dfae333-790a-4879-b51e-720f509fa669.csv
2020;2020-06-12;2021-06-12;itens_a1550c2b-ce71-4229-b89a-50021e105c65.csv;146; ;atasRegistroPrecos_3dfae333-790a-4879-b51e-720f509fa669.csv
2020;2020-06-12;2021-06-12;itens_f8f4f58d-b64b-4772-a6a4-d1f63ea8e101.csv;150; ;atasRegistroPrecos_3dfae333-790a-4879-b51e-720f509fa669.csv
2020;2020-06-12;2021-06-12;itens_2b8b9d50-b41c-41af-a779-662b9f446fac.csv;148; ;atasRegistroPrecos_3dfae333-790a-4879-b51e-720f509fa669.csv
2020;2020-06-12;2021-06-12;itens_374b97ea-8f97-4089-acc5-b03f972a5f89.csv;147; ;atasRegistroPrecos_3dfae333-790a-4879-b51e-720f509fa669.csv
2020;2020-12-18;2021-12-18;itens_825f32cb-94fc-40b4-9cff-feb760faaf69.csv; ; ;atasRegistroPrecos_3e16e930-5799-44dc-b890-acdd08850f46.csv
2020;2020-06-18;2021-06-18;itens_6e13e244-6e91-4124-be40-df331a90c82e.csv;35; ;atasRegistroPrecos_425a4455-621f-4202-9f19-22cd5916580a.csv
2020;2020-08-18;2021-08-18;itens_ff3e197c-3051-4acf-a43f-eb406f9c24c3.csv;21; ;atasRegistroPrecos_44f7008d-d2b9-49ea-b59c-e441bb597efe.csv
2020;2020-10-26;2021-10-26;itens_942d7d46-7d92-41bc-81c0-409fe125616f.csv;145; ;atasRegistroPrecos_45088826-2334-4676-9621-4210fa3c1ddc.csv
2020;2020-10-26;2021-10-26;itens_4c433cf3-1077-4b6e-bdc0-599ca2b40f2e.csv;144; ;atasRegistroPrecos_45088826-2334-4676-9621-4210fa3c1ddc.csv
2020;2020-10-26;2021-10-26;itens_8e7ec694-bfeb-4d2d-aee9-418648560878.csv;32; ;atasRegistroPrecos_45088826-2334-4676-9621-4210fa3c1ddc.csv
2020;2020-06-16;2021-06-16;itens_4f58016d-c97b-4933-affa-3862e146420d.csv;14; ;atasRegistroPrecos_476e7954-d68d-4af8-8959-7d3b73814f7e.csv
2020;2020-06-16;2021-06-16;itens_dcccb272-471b-449b-9dac-9f6804bb2b92.csv;81; ;atasRegistroPrecos_476e7954-d68d-4af8-8959-7d3b73814f7e.csv
2020;2020-06-16;2021-06-16;itens_e55b6013-0bbf-4bba-9677-acb043b53c50.csv;83; ;atasRegistroPrecos_476e7954-d68d-4af8-8959-7d3b73814f7e.csv
2020;2020-06-16;2021-06-16;itens_f7b11f43-65b1-4c94-a15f-19ab4be729d4.csv;82; ;atasRegistroPrecos_476e7954-d68d-4af8-8959-7d3b73814f7e.csv
2020;2020-04-30;2021-04-30;itens_07c18062-c526-4442-b90b-abbdd24d5312.csv;124; ;atasRegistroPrecos_48fcebce-ac67-402c-b59e-568fd0206bbb.csv
2020;2020-04-30;2021-04-30;itens_6bdc5f18-ed79-4a0a-985d-89274419f043.csv;129; ;atasRegistroPrecos_48fcebce-ac67-402c-b59e-568fd0206bbb.csv
2020;2020-04-30;2021-04-30;itens_3fc203c1-68fd-4930-bd25-2b926b82e05e.csv;23; ;atasRegistroPrecos_48fcebce-ac67-402c-b59e-568fd0206bbb.csv
2020;2020-04-30;2021-04-30;itens_3729ec1b-d5a2-46a0-932d-57094fbed8c0.csv;123; ;atasRegistroPrecos_48fcebce-ac67-402c-b59e-568fd0206bbb.csv
2020;2020-04-30;2021-04-30;itens_45106d3a-373d-4293-b024-522e485867cd.csv;130; ;atasRegistroPrecos_48fcebce-ac67-402c-b59e-568fd0206bbb.csv
2020;2020-04-30;2021-04-30;itens_5da5b63f-645d-4781-9b11-eb9eb924e127.csv;128; ;atasRegistroPrecos_48fcebce-ac67-402c-b59e-568fd0206bbb.csv
2020;2020-04-30;2021-04-30;itens_50c73731-9b68-4ec1-8846-33b07ef1eba3.csv;125; ;atasRegistroPrecos_48fcebce-ac67-402c-b59e-568fd0206bbb.csv
2020;2020-04-30;2021-04-30;itens_c48915e0-8328-4241-9ff4-b218e98fcbb6.csv;121; ;atasRegistroPrecos_48fcebce-ac67-402c-b59e-568fd0206bbb.csv
2020;2020-04-30;2021-04-30;itens_73d2f146-067a-447b-8e2d-937808eb1911.csv;122; ;atasRegistroPrecos_48fcebce-ac67-402c-b59e-568fd0206bbb.csv
2020;2020-04-30;2021-04-30;itens_31e2096a-3448-42ba-ba8a-ab40a9ba5c26.csv;126; ;atasRegistroPrecos_48fcebce-ac67-402c-b59e-568fd0206bbb.csv
2020;2020-04-30;2021-04-30;itens_c19f1df7-a564-4f85-9246-252bb38e1a23.csv;127; ;atasRegistroPrecos_48fcebce-ac67-402c-b59e-568fd0206bbb.csv
2020;2020-04-30;2021-04-30;itens_4483d88a-941e-4609-af52-7a3b44dae902.csv;211; ;atasRegistroPrecos_48fcebce-ac67-402c-b59e-568fd0206bbb.csv
2020;2020-07-06;2021-07-06;itens_46297931-f6a4-4bc6-b6c1-4c99b3dd2924.csv;2; ;atasRegistroPrecos_4ac06cf2-eaad-4ca1-a624-99486f20e272.csv
2020;2020-07-13;2021-07-13;itens_9ee4d1e2-2a8f-4b9b-89a7-18feaa2db9cf.csv;3; ;atasRegistroPrecos_4b7e75a3-f411-42e3-9882-47a95c49b88f.csv
2020;2020-09-02;2021-09-02;itens_c356a857-cfbf-455c-b9ea-4f5936ac5a68.csv;101; ;atasRegistroPrecos_4e55da22-63b2-450d-b682-52d60a51d0a9.csv
2020;2020-09-02;2021-09-02;itens_c356034c-0039-4e35-82f2-74d6e6a0a5cb.csv;24; ;atasRegistroPrecos_4e55da22-63b2-450d-b682-52d60a51d0a9.csv
2020;2020-02-03;2021-02-03;itens_07fbfa2b-95b1-4908-9881-db14917ad0d7.csv;46; ;atasRegistroPrecos_5232c9b3-3c37-4711-8320-1b6ca349240b.csv
2020;2020-02-03;2021-02-03;itens_e345cf7c-f0e8-4aed-86f4-10a3b1c8694e.csv;3; ;atasRegistroPrecos_5232c9b3-3c37-4711-8320-1b6ca349240b.csv
2020;2020-10-27;2021-11-03;itens_9cf99785-ba69-4b1a-86ee-99ac6ea4b33c.csv; ; ;atasRegistroPrecos_574367ac-413f-45ed-a42a-3ab1f1c6a093.csv
2020;2020-06-30;2021-07-03;itens_497b9381-04c1-4d22-a5cd-edc291e2a6ca.csv;157; ;atasRegistroPrecos_5bbe9e42-7858-47b3-8af5-fe1fdb338919.csv
2020;2020-06-30;2021-07-03;itens_e6b9aa02-3686-49f8-880a-b2dee18322a9.csv;41; ;atasRegistroPrecos_5bbe9e42-7858-47b3-8af5-fe1fdb338919.csv
2020;2020-06-30;2021-07-03;itens_c4e042a2-4c85-47a9-9302-f07e1234a20f.csv;158; ;atasRegistroPrecos_5bbe9e42-7858-47b3-8af5-fe1fdb338919.csv
2020;2020-01-27;2021-01-27;itens_bc0f36e2-6c8b-48df-944f-cecac9574fae.csv;2; ;atasRegistroPrecos_5fb16ba2-7f8e-4a22-9b0a-815487885b0a.csv
2020;2020-07-27;2021-07-27;itens_07c5fabc-c162-4629-b8e3-3357f5373ece.csv;52; ;atasRegistroPrecos_60570efc-d9e5-479a-9c3a-cf54f34dc65f.csv
2020;2020-06-17;2021-06-17;itens_3f49f9ec-f863-4dbb-aa74-ec80cb9940ea.csv;34; ;atasRegistroPrecos_64d0448a-685f-46f1-a44a-12e84e4c9060.csv
2020;2020-02-14;2021-02-14;itens_6b2f5b1e-16f3-4067-a38e-159ac0c874d6.csv;94; ;atasRegistroPrecos_6cc1cd4a-ae28-401f-b659-8c880683c413.csv
2020;2020-02-14;2021-02-14;itens_9ebbe9d5-7c5e-4c86-a814-a350a998577e.csv;10; ;atasRegistroPrecos_6cc1cd4a-ae28-401f-b659-8c880683c413.csv
2020;2020-02-14;2021-02-14;itens_e111e9be-f3fd-49b5-b2da-33ad4ca2ac52.csv;95; ;atasRegistroPrecos_6cc1cd4a-ae28-401f-b659-8c880683c413.csv
2020;2020-02-14;2021-02-14;itens_82e156f3-08b0-4e85-a119-dfa04006e1b1.csv;91; ;atasRegistroPrecos_6cc1cd4a-ae28-401f-b659-8c880683c413.csv
2020;2020-02-14;2021-02-14;itens_2e9ce772-7fdc-419c-a26e-0488f5f22d5a.csv;92; ;atasRegistroPrecos_6cc1cd4a-ae28-401f-b659-8c880683c413.csv
2020;2020-02-14;2021-02-14;itens_96b43081-d3e7-4ef8-9122-4c0bdefc8411.csv;93; ;atasRegistroPrecos_6cc1cd4a-ae28-401f-b659-8c880683c413.csv
2020;2020-07-27;2021-07-27;itens_7ee4a560-9102-4b0d-8c42-437cbbf86452.csv;51; ;atasRegistroPrecos_6dce171f-2b9d-4727-9183-22647257d42f.csv
2020;2020-07-21;2021-07-21;itens_b3241925-0d22-48d1-979e-e6c087802a72.csv;47; ;atasRegistroPrecos_6e0c9287-5647-41a5-a002-1713460e1784.csv
2020;2020-12-08;2021-12-08;itens_287254a7-4f67-4f3a-8d9b-109b5c9a87ee.csv;76; ;atasRegistroPrecos_70238828-3e60-44dc-ac0d-e29a8f17f8dd.csv
2020;2020-12-16;2021-12-16;itens_46d77790-b8d0-438b-b797-a05f4dc1a5a8.csv;40; ;atasRegistroPrecos_746e5240-95d2-4b4d-ab49-7eefd5af1c23.csv
2020;2020-12-16;2021-12-16;itens_e9fd03ed-b7fe-4a96-a068-e90903d3d783.csv;163;ocorrencias_8bdb24a3-d4df-4a2f-a9fb-3f42f8d711d7.csv;atasRegistroPrecos_746e5240-95d2-4b4d-ab49-7eefd5af1c23.csv
2020;2020-12-16;2021-12-16;itens_2f66ec9f-d893-426b-8b4a-74f721408954.csv;162; ;atasRegistroPrecos_746e5240-95d2-4b4d-ab49-7eefd5af1c23.csv
2021;2021-05-20;2021-12-31;itens_d26bbb48-3e17-4be4-9f37-34bb5c2cdcac.csv;72;ocorrencias_8b0a104c-8407-494a-abb8-daf282cc3003.csv;atasRegistroPrecos_746e5240-95d2-4b4d-ab49-7eefd5af1c23.csv
2020;2020-03-17;2021-03-17;itens_d659e59d-7186-41c4-bb6b-e889cf618983.csv;103; ;atasRegistroPrecos_7640e24f-6a4e-4a28-9c79-ac5d21b145ba.csv
2020;2020-03-17;2021-03-17;itens_7bb51002-97cb-47eb-83c6-16d2c0b22419.csv;101; ;atasRegistroPrecos_7640e24f-6a4e-4a28-9c79-ac5d21b145ba.csv
2020;2020-03-17;2021-03-17;itens_16bd5f37-dbe9-4397-9dfb-7e5a5ec1e914.csv;18; ;atasRegistroPrecos_7640e24f-6a4e-4a28-9c79-ac5d21b145ba.csv
2020;2020-03-17;2021-03-17;itens_2ae0f669-295f-44e3-8a56-7ba1be85d988.csv;102; ;atasRegistroPrecos_7640e24f-6a4e-4a28-9c79-ac5d21b145ba.csv
2020;2020-06-01;2021-06-01;itens_49166e4f-2526-4755-a420-0dd38991118b.csv;76; ;atasRegistroPrecos_77708364-43eb-4baf-8fc8-791dc957d2b9.csv
2020;2020-06-01;2021-06-01;itens_f525a90a-4a76-4879-9779-7d75768cd33b.csv;74; ;atasRegistroPrecos_77708364-43eb-4baf-8fc8-791dc957d2b9.csv
2020;2020-06-01;2021-06-01;itens_74075313-46dc-4804-883c-f20999df69ff.csv;78; ;atasRegistroPrecos_77708364-43eb-4baf-8fc8-791dc957d2b9.csv
2020;2020-06-01;2021-06-01;itens_3c55661e-21a0-4918-818b-55ac4002fff1.csv;77; ;atasRegistroPrecos_77708364-43eb-4baf-8fc8-791dc957d2b9.csv
2020;2020-06-01;2021-06-01;itens_5271068b-a5f2-4129-9fec-fd8157800a88.csv;75; ;atasRegistroPrecos_77708364-43eb-4baf-8fc8-791dc957d2b9.csv
2020;2020-06-01;2021-06-01;itens_47ab9089-46e2-4564-99a9-3f0da27ed822.csv;12; ;atasRegistroPrecos_77708364-43eb-4baf-8fc8-791dc957d2b9.csv
2020;2020-07-21;2021-07-21;itens_abe9fa56-f4be-47d3-a484-b16e89670e67.csv;48; ;atasRegistroPrecos_78e72ff0-74b6-4bea-a504-23b5265ccee3.csv
2021;2021-01-12;2022-01-12;itens_e50c0d2d-6e70-44ec-97ae-58921f6d865a.csv;1; ;atasRegistroPrecos_7af08ff6-302a-48fc-a379-372d047b5ea0.csv
2020;2020-07-27;2021-07-27;itens_1f911960-8f23-40dd-b983-a2314580278f.csv;95; ;atasRegistroPrecos_81205d79-5a07-406c-8119-ef7111417f9b.csv
2020;2020-07-27;2021-07-27;itens_0afd8e03-b851-452f-9d7e-f958b8561e6c.csv;94; ;atasRegistroPrecos_81205d79-5a07-406c-8119-ef7111417f9b.csv
2020;2020-07-27;2021-07-27;itens_9ae95618-43e7-48ce-8990-7a0d843abc0d.csv;93; ;atasRegistroPrecos_81205d79-5a07-406c-8119-ef7111417f9b.csv
2020;2020-07-27;2021-07-27;itens_c193c156-f76f-4cca-a9a3-3ea45d08a51e.csv;18; ;atasRegistroPrecos_81205d79-5a07-406c-8119-ef7111417f9b.csv
2020;2020-05-13;2021-05-13;itens_eda60e19-1cf9-4aa9-acd7-a0c0fdc3bf41.csv;25; ;atasRegistroPrecos_813ccc2c-efc6-4c0f-bc80-67941ca6f345.csv
2020;2020-01-30;2021-01-30;itens_6b08bc9f-6142-4946-9d70-25efaeb09491.csv;2; ;atasRegistroPrecos_819d39ba-8e9c-4916-9191-26f5419e1f83.csv
2020;2020-08-31;2021-08-31;itens_d7f5302f-f4e8-43aa-9015-66cf945e666f.csv;23; ;atasRegistroPrecos_8222b0ce-e23f-424c-89a6-08525d964310.csv
2020;2020-08-31;2021-08-31;itens_906dec6c-77ae-4caa-84ec-c9c717910cb5.csv;100; ;atasRegistroPrecos_8222b0ce-e23f-424c-89a6-08525d964310.csv
2020;2020-02-13;2021-02-13;itens_b4a9aee8-11b1-4dca-93e6-560e751c72b9.csv;9; ;atasRegistroPrecos_85afdf3d-27d1-4d7b-9b87-6a10d4a1310b.csv
2020;2020-07-27;2021-07-27;itens_2116855d-b1a4-45e6-b274-231dbd146983.csv;4; ;atasRegistroPrecos_87fcf522-d31f-4b93-b5cc-342df3eae0b7.csv
2020;2020-09-18;2021-09-18;itens_80b58fc8-3380-467b-ae0c-18ab58305bb5.csv;66; ;atasRegistroPrecos_8a1556b3-bc6c-40c4-a7ff-3a4f7e12a70d.csv
2020;2020-09-18;2021-09-18;itens_1be4f255-22e1-4fda-831f-06a06872c6bc.csv;196; ;atasRegistroPrecos_8a1556b3-bc6c-40c4-a7ff-3a4f7e12a70d.csv
2020;2020-09-18;2021-09-18;itens_4ac66916-e46a-4a76-a750-e2f4b314c075.csv;197; ;atasRegistroPrecos_8a1556b3-bc6c-40c4-a7ff-3a4f7e12a70d.csv
2020;2020-03-09;2021-03-09;itens_6aea5099-dad6-4518-b92b-657ac840fe28.csv;14; ;atasRegistroPrecos_8dbeba1d-45e8-4007-8f29-e676ec1eec4b.csv
2020;2020-11-19;2021-11-19;itens_8e7ce46b-edbd-42a3-8959-e1811cdb6165.csv;74; ;atasRegistroPrecos_8e3e0881-22e6-4e5d-bfbb-a848f8cd2ddb.csv
2020;2020-06-22;2021-06-22;itens_e380a13e-d29b-4085-be9c-3e0edbeda4b0.csv;36; ;atasRegistroPrecos_91fe5f91-72da-48cb-bead-5a083807a683.csv
2020;2020-02-03;2021-02-03;itens_68f910db-6347-4364-90de-782b92a653a0.csv;4; ;atasRegistroPrecos_95ccc11f-ec44-4f5d-977e-ac3196f922fa.csv
2020;2020-09-09;2021-09-09;itens_5b3fbb30-324e-45c3-9ac8-444e26623b06.csv;63; ;atasRegistroPrecos_95d169a9-a792-4294-98d6-f65020f55d77.csv
2020;2020-06-18;2021-06-18;itens_a990104b-0c8e-4f03-bdce-7d118bba38f7.csv;15; ;atasRegistroPrecos_98246711-c7e6-4eb5-bd08-264357cbfc32.csv
2020;2020-06-18;2021-06-18;itens_a2898103-8fa3-49b9-bb7d-216090f2f53a.csv;87; ;atasRegistroPrecos_98246711-c7e6-4eb5-bd08-264357cbfc32.csv
2020;2020-06-18;2021-06-18;itens_946113f9-9ff7-4bf1-87a6-d4dff30ffb32.csv;88; ;atasRegistroPrecos_98246711-c7e6-4eb5-bd08-264357cbfc32.csv
2020;2020-06-18;2021-06-18;itens_02474c8a-eae1-4be8-a071-86c2f3b4c23c.csv;84; ;atasRegistroPrecos_98246711-c7e6-4eb5-bd08-264357cbfc32.csv
2020;2020-06-18;2021-06-18;itens_e0684524-9eb5-445a-994b-9230225e1422.csv;89; ;atasRegistroPrecos_98246711-c7e6-4eb5-bd08-264357cbfc32.csv
2020;2020-06-18;2021-06-18;itens_a6a75d44-4d59-4dfe-87c7-0e76e9d2ba64.csv;90; ;atasRegistroPrecos_98246711-c7e6-4eb5-bd08-264357cbfc32.csv
2020;2020-06-18;2021-06-18;itens_c9f5b08a-30e9-4316-b397-2b3469277f1f.csv;86; ;atasRegistroPrecos_98246711-c7e6-4eb5-bd08-264357cbfc32.csv
2020;2020-06-18;2021-06-18;itens_b8dff2e8-3eac-4803-b3a1-cef5f7aa7b03.csv;85; ;atasRegistroPrecos_98246711-c7e6-4eb5-bd08-264357cbfc32.csv
2020;2020-10-15;2021-10-15;itens_09178ce5-9b08-4f58-8b54-6bf1449a10ae.csv;134; ;atasRegistroPrecos_9cdb64d9-18cf-4aa1-9c30-1ab827b10cde.csv
2020;2020-10-15;2021-10-15;itens_8c7d7952-062d-44b7-a99f-207f5ffb2cc7.csv;139; ;atasRegistroPrecos_9cdb64d9-18cf-4aa1-9c30-1ab827b10cde.csv
2020;2020-10-15;2021-10-15;itens_99da1c02-714d-47ca-a0d4-976079084aaa.csv;142; ;atasRegistroPrecos_9cdb64d9-18cf-4aa1-9c30-1ab827b10cde.csv
2020;2020-10-15;2021-10-15;itens_d3ebbc46-faf6-4cca-9e04-cf65cc68028b.csv;135; ;atasRegistroPrecos_9cdb64d9-18cf-4aa1-9c30-1ab827b10cde.csv
2020;2020-10-15;2021-10-15;itens_554ebfd0-284c-469a-98fe-1c3c21b192a2.csv;141; ;atasRegistroPrecos_9cdb64d9-18cf-4aa1-9c30-1ab827b10cde.csv
2020;2020-10-15;2021-10-15;itens_6c6b0fad-5d33-417f-8b2c-4191d2c12bd6.csv;140; ;atasRegistroPrecos_9cdb64d9-18cf-4aa1-9c30-1ab827b10cde.csv
2020;2020-10-15;2021-10-15;itens_958b19be-e866-47ed-8e0e-2717d4ed4f1b.csv;29; ;atasRegistroPrecos_9cdb64d9-18cf-4aa1-9c30-1ab827b10cde.csv
2020;2020-10-15;2021-10-15;itens_96054228-dd44-43b5-a965-c79f44418ba3.csv;133; ;atasRegistroPrecos_9cdb64d9-18cf-4aa1-9c30-1ab827b10cde.csv
2020;2020-10-15;2021-10-15;itens_b52fbbfc-1925-43ca-9a87-6216e1f8975e.csv;138; ;atasRegistroPrecos_9cdb64d9-18cf-4aa1-9c30-1ab827b10cde.csv
2020;2020-10-15;2021-10-15;itens_c00b3124-9579-4a01-b945-c7a4695803ae.csv;136; ;atasRegistroPrecos_9cdb64d9-18cf-4aa1-9c30-1ab827b10cde.csv
2020;2020-10-15;2021-10-15;itens_9f7fb6a0-030b-48a3-b111-1713b129ae84.csv;137; ;atasRegistroPrecos_9cdb64d9-18cf-4aa1-9c30-1ab827b10cde.csv
2020;2020-10-21;2021-10-21;itens_6810ae36-8a73-4379-a394-dd98d843a6b7.csv;143; ;atasRegistroPrecos_9e86d68e-cb55-4630-befc-1706bd428d97.csv
2020;2020-10-21;2021-10-21;itens_ada69207-c96b-440d-a107-beb513f99166.csv;31; ;atasRegistroPrecos_9e86d68e-cb55-4630-befc-1706bd428d97.csv
2020;2020-11-12;2021-11-12;itens_7c620cff-9eb0-43e6-81f9-3aea320dcc11.csv;72; ;atasRegistroPrecos_a01e4aa4-ff39-469e-999d-aec71d076e2e.csv
2020;2020-09-21;2021-09-21;itens_38e3e61d-d617-467e-963b-38f1a2fc3b14.csv;198; ;atasRegistroPrecos_a01f6eb6-6bee-479c-8c22-89ae2315cdb3.csv
2020;2020-09-21;2021-09-21;itens_109e5bfe-946f-405f-95ca-b95f89dcd444.csv;200; ;atasRegistroPrecos_a01f6eb6-6bee-479c-8c22-89ae2315cdb3.csv
2020;2020-09-21;2021-09-21;itens_6d2e63e3-047d-4150-a8c9-5cfdbbbdb158.csv;199; ;atasRegistroPrecos_a01f6eb6-6bee-479c-8c22-89ae2315cdb3.csv
2020;2020-09-21;2021-09-21;itens_248efae9-96e2-4188-9296-307404dc3ed6.csv;67; ;atasRegistroPrecos_a01f6eb6-6bee-479c-8c22-89ae2315cdb3.csv
2020;2020-09-21;2021-09-21;itens_2a4df2e1-7f51-46ed-a224-388f27c98fe9.csv;201; ;atasRegistroPrecos_a01f6eb6-6bee-479c-8c22-89ae2315cdb3.csv
2020;2020-09-21;2021-09-21;itens_f5d827f9-995d-4bb0-a14b-e424eb1fafb0.csv;204; ;atasRegistroPrecos_a01f6eb6-6bee-479c-8c22-89ae2315cdb3.csv
2020;2020-09-21;2021-09-21;itens_ecc34418-b30c-42ac-8ee6-c4885affe8bd.csv;203; ;atasRegistroPrecos_a01f6eb6-6bee-479c-8c22-89ae2315cdb3.csv
2020;2020-09-21;2021-09-21;itens_da9cc772-4b5a-46d8-8eba-c8d026b78ca0.csv;202; ;atasRegistroPrecos_a01f6eb6-6bee-479c-8c22-89ae2315cdb3.csv
2020;2020-10-13;2021-10-13;itens_eae019d0-87de-4d6d-a604-09226dbb0218.csv;70; ;atasRegistroPrecos_a4431d3c-6dde-4e5f-8d12-bb4a5c4ea08d.csv
2020;2020-11-20;2021-11-20;itens_92fa49e2-b65b-44dc-818b-c68fcf4459a3.csv;35; ;atasRegistroPrecos_a45a00c4-7f53-492b-83b5-5ae8dbd373fd.csv
2020;2020-04-16;2021-04-16;itens_c090fe32-65b6-4986-a608-21214ae8866d.csv;21; ;atasRegistroPrecos_a5cae242-2a32-4bbe-9ec9-54170190efb6.csv
2020;2020-04-16;2021-04-16;itens_602a05e6-f786-4b4e-b3c0-330a777b05fa.csv;115; ;atasRegistroPrecos_a5cae242-2a32-4bbe-9ec9-54170190efb6.csv
2020;2020-04-16;2021-04-16;itens_8d715abb-2367-4dac-97e2-155f0f9fa18d.csv;114; ;atasRegistroPrecos_a5cae242-2a32-4bbe-9ec9-54170190efb6.csv
2020;2020-02-17;2021-02-17;itens_cde2bbe5-e691-4826-affa-6ce95a7bb075.csv;96; ;atasRegistroPrecos_a682d775-abb3-476b-8812-3aa60dedfe00.csv
2020;2020-02-17;2021-02-17;itens_130d8399-0988-46ac-a0ad-92fbfc36f44b.csv;11; ;atasRegistroPrecos_a682d775-abb3-476b-8812-3aa60dedfe00.csv
2020;2020-11-12;2021-11-12;itens_53aa779a-fe15-413b-9fca-70f1fbea8f23.csv;146; ;atasRegistroPrecos_a73947d8-170e-4f51-87e5-0f743ee1fac2.csv
2020;2020-11-12;2021-11-12;itens_bca87b2c-e92b-42dd-80b4-7053344763d6.csv;34; ;atasRegistroPrecos_a73947d8-170e-4f51-87e5-0f743ee1fac2.csv
2020;2020-11-12;2021-11-12;itens_1182d58d-69c6-4d22-a27a-6e4a08cd8fec.csv;147; ;atasRegistroPrecos_a73947d8-170e-4f51-87e5-0f743ee1fac2.csv
2020;2020-08-07;2021-08-07;itens_50e227ab-0211-4895-b107-38527699f356.csv;55; ;atasRegistroPrecos_a8397bd6-ea08-4711-a14b-395a09aca61b.csv
2020;2020-06-30;2021-07-03;itens_9a767938-77e5-4d54-9d41-b35d71fd997d.csv;161; ;atasRegistroPrecos_a8af5e11-122a-4d26-a95b-ffd31c98dcd5.csv
2020;2020-06-30;2021-07-03;itens_3ad6a67a-3ce9-4f43-b3a3-9fa1dbd8e644.csv;42; ;atasRegistroPrecos_a8af5e11-122a-4d26-a95b-ffd31c98dcd5.csv
2020;2020-06-30;2021-07-03;itens_cacc1ff3-ca9b-4b1e-972f-eaaa051db87a.csv;159; ;atasRegistroPrecos_a8af5e11-122a-4d26-a95b-ffd31c98dcd5.csv
2020;2020-06-30;2021-07-03;itens_a0f29268-e462-4b56-8c76-7caa983a6156.csv;160; ;atasRegistroPrecos_a8af5e11-122a-4d26-a95b-ffd31c98dcd5.csv
2020;2020-12-15;2021-12-15;itens_0bec8634-fb9c-419d-85cb-a3718a112c40.csv;39; ;atasRegistroPrecos_b2429eeb-2353-41b1-bbb6-4cbf1a84b063.csv
2020;2020-12-15;2021-12-15;itens_38418daf-4100-400c-a5f9-21d5a46d6f73.csv;158; ;atasRegistroPrecos_b2429eeb-2353-41b1-bbb6-4cbf1a84b063.csv
2020;2020-12-15;2021-12-15;itens_d24bb853-7995-42cb-aa4c-38d4fd427372.csv;161; ;atasRegistroPrecos_b2429eeb-2353-41b1-bbb6-4cbf1a84b063.csv
2020;2020-12-15;2021-12-15;itens_5e21d1c7-bc43-4de3-8db2-8591a646a0ca.csv;160; ;atasRegistroPrecos_b2429eeb-2353-41b1-bbb6-4cbf1a84b063.csv
2020;2020-12-15;2021-12-15;itens_7d1cb84b-4c98-42c0-8c4f-92999bbb9e35.csv;159; ;atasRegistroPrecos_b2429eeb-2353-41b1-bbb6-4cbf1a84b063.csv
2020;2020-06-19;2021-06-19;itens_a84a976b-8a02-4f24-829c-efdc3069c7db.csv;91; ;atasRegistroPrecos_b27c5873-8ab2-4daf-bc57-dfd09189706b.csv
2020;2020-06-19;2021-06-19;itens_8856346d-3281-498d-ab89-aff8d9d2e223.csv;92; ;atasRegistroPrecos_b27c5873-8ab2-4daf-bc57-dfd09189706b.csv
2020;2020-06-19;2021-06-19;itens_d44e48c5-c319-4eb6-806d-a4c34e31acf7.csv;16; ;atasRegistroPrecos_b27c5873-8ab2-4daf-bc57-dfd09189706b.csv
2020;2020-06-30;2021-07-02;itens_66a26745-5a40-444b-845d-dd9093fea862.csv;40; ;atasRegistroPrecos_b38f0e2a-849e-4a05-ba3d-b9f701bffd72.csv
2020;2020-09-14;2021-09-14;itens_5773cfc9-8a08-47f4-af6d-7889acd9abbc.csv;194; ;atasRegistroPrecos_b3b686d0-1c0f-41f3-923c-0989d0dbd26b.csv
2020;2020-09-14;2021-09-14;itens_6f6b4847-86a6-4947-8bc1-37bd56eac0b8.csv;195; ;atasRegistroPrecos_b3b686d0-1c0f-41f3-923c-0989d0dbd26b.csv
2020;2020-09-14;2021-09-14;itens_4fab1c0c-a64e-4966-80cd-0d1356942290.csv;193; ;atasRegistroPrecos_b3b686d0-1c0f-41f3-923c-0989d0dbd26b.csv
2020;2020-09-14;2021-09-14;itens_2a669a74-30d2-4fa9-85b7-1b2146110fca.csv;64; ;atasRegistroPrecos_b3b686d0-1c0f-41f3-923c-0989d0dbd26b.csv
2020;2020-06-25;2021-06-25;itens_ebee6b49-855a-49b9-8afa-b2c3d8cd4a56.csv;17; ;atasRegistroPrecos_b62acbb9-7af1-4cfd-aa76-228887cd17ed.csv
2020;2020-12-18;2021-12-18;itens_bd6c47e4-c25f-4609-ad5d-afd6c30384ec.csv; ; ;atasRegistroPrecos_baf74122-719f-4e41-b4aa-076716c9ac26.csv
2020;2020-09-16;2021-09-16;itens_48e5f2fa-4b0c-449a-9476-e5f4a32caaa2.csv;116; ;atasRegistroPrecos_bf206777-e8c2-4488-9594-0a356755a468.csv
2020;2020-09-16;2021-09-16;itens_23dd40c6-e012-499b-b160-c942f686fb8c.csv;27; ;atasRegistroPrecos_bf206777-e8c2-4488-9594-0a356755a468.csv
2020;2020-09-08;2021-09-08;itens_1ee53f45-c120-48d7-82d1-5299fb91c55b.csv;113; ;atasRegistroPrecos_c3cb176a-bd6f-4473-ad30-e6d426b8d445.csv
2020;2020-09-08;2021-09-08;itens_cd0337db-fc27-4f6b-bad4-00eaf84fb264.csv;110; ;atasRegistroPrecos_c3cb176a-bd6f-4473-ad30-e6d426b8d445.csv
2020;2020-09-08;2021-09-08;itens_86afbd10-b229-4fb3-9ac2-d531c3a77b2d.csv;26; ;atasRegistroPrecos_c3cb176a-bd6f-4473-ad30-e6d426b8d445.csv
2020;2020-09-08;2021-09-08;itens_8cddfdec-6a65-4f48-b595-7fc9ff556afb.csv;109; ;atasRegistroPrecos_c3cb176a-bd6f-4473-ad30-e6d426b8d445.csv
2020;2020-09-08;2021-09-08;itens_4e59503f-49bf-4e6f-8e1f-463bcd24fc45.csv;104; ;atasRegistroPrecos_c3cb176a-bd6f-4473-ad30-e6d426b8d445.csv
2020;2020-09-08;2021-09-08;itens_df7e7d56-b1f3-4de8-a8f8-4ce6d59d4a64.csv;105; ;atasRegistroPrecos_c3cb176a-bd6f-4473-ad30-e6d426b8d445.csv
2020;2020-09-08;2021-09-08;itens_444dae30-6c9e-4ec2-a1db-f7c5c21bdbc8.csv;111; ;atasRegistroPrecos_c3cb176a-bd6f-4473-ad30-e6d426b8d445.csv
2020;2020-09-08;2021-09-08;itens_1544ceb6-95e4-4930-ac1c-a07545129c1a.csv;103; ;atasRegistroPrecos_c3cb176a-bd6f-4473-ad30-e6d426b8d445.csv
2020;2020-09-08;2021-09-08;itens_d20e1ef0-0926-4040-9399-c17e30ba556b.csv;108; ;atasRegistroPrecos_c3cb176a-bd6f-4473-ad30-e6d426b8d445.csv
2020;2020-09-08;2021-09-08;itens_8cb98528-3924-4425-8586-daf84ee5fb44.csv;102; ;atasRegistroPrecos_c3cb176a-bd6f-4473-ad30-e6d426b8d445.csv
2020;2020-09-08;2021-09-08;itens_68e79029-0655-49dc-8674-57bf46a42d72.csv;107; ;atasRegistroPrecos_c3cb176a-bd6f-4473-ad30-e6d426b8d445.csv
2020;2020-09-08;2021-09-08;itens_815f54c8-97ec-46b0-9f8e-6a3d14ffe586.csv;115; ;atasRegistroPrecos_c3cb176a-bd6f-4473-ad30-e6d426b8d445.csv
2020;2020-09-08;2021-09-08;itens_e61015b0-2646-47aa-a8fe-d34a01076660.csv;112; ;atasRegistroPrecos_c3cb176a-bd6f-4473-ad30-e6d426b8d445.csv
2020;2020-09-08;2021-09-08;itens_255fdd1e-d62e-42b5-b4d5-b6d52bc760cc.csv;114; ;atasRegistroPrecos_c3cb176a-bd6f-4473-ad30-e6d426b8d445.csv
2020;2020-09-08;2021-09-08;itens_8d720f5c-b229-4b64-bdde-8930679fa92a.csv;106; ;atasRegistroPrecos_c3cb176a-bd6f-4473-ad30-e6d426b8d445.csv
2020;2020-03-10;2021-03-10;itens_85d8799b-9e4e-4f83-ad25-4322739098d0.csv;16; ;atasRegistroPrecos_c49510e3-fa8e-45a6-b031-a9960b4ede4d.csv
2020;2020-06-01;2021-06-01;itens_0fa27221-b05b-4f8f-8981-34be3d57cf52.csv;11; ;atasRegistroPrecos_c95d4fbf-74e1-4354-aaca-65e10c79c2c2.csv
2020;2020-02-12;2021-02-12;itens_59eb7a8b-58a3-479c-a913-d975463f397b.csv;4; ;atasRegistroPrecos_c9a87b58-ae54-4750-be00-82c6b283bbc8.csv
2020;2020-02-12;2021-02-12;itens_8e79f63a-5613-4558-aa36-d0f50cf29d15.csv;47; ;atasRegistroPrecos_c9a87b58-ae54-4750-be00-82c6b283bbc8.csv
2020;2020-02-12;2021-02-12;itens_cf8ed9b6-52bd-4145-8ce5-66b336e36bef.csv;48; ;atasRegistroPrecos_c9a87b58-ae54-4750-be00-82c6b283bbc8.csv
2020;2020-07-23;2021-07-23;itens_23ad3cba-5c96-4083-b8e8-4430e7deb695.csv;50; ;atasRegistroPrecos_ce1c2d62-48a2-4c4c-b6af-a94b24a19c70.csv
2020;2020-02-12;2021-02-12;itens_455ef0b0-536a-42b0-8c3d-4ee33f46011f.csv;7; ;atasRegistroPrecos_cf193c16-151e-47bd-aaab-794b8a812525.csv
2020;2020-07-13;2021-07-13;itens_a1930f35-935c-48d9-9eee-06672a884bba.csv;43; ;atasRegistroPrecos_cf2bf765-2b00-4ab1-9e6e-6cc8d825cbb3.csv
2020;2020-05-21;2021-05-21;itens_ba591c13-2140-40d5-ade0-36e95e13465f.csv;139; ;atasRegistroPrecos_cfe184e3-5b50-4fe7-bfde-76bbadf46d15.csv
2020;2020-05-21;2021-05-21;itens_e55a1822-16e0-416c-93cb-1787129c64a5.csv;140; ;atasRegistroPrecos_cfe184e3-5b50-4fe7-bfde-76bbadf46d15.csv
2020;2020-05-21;2021-05-21;itens_b4b427f3-a2bf-43d8-9077-066a7777f9e1.csv;29; ;atasRegistroPrecos_cfe184e3-5b50-4fe7-bfde-76bbadf46d15.csv
2020;2020-12-14;2021-12-14;itens_211b3a34-1187-4feb-b413-6bb0f46a575f.csv;36; ;atasRegistroPrecos_d48aa29c-0c2a-4107-ab26-25ff29d4f316.csv
2020;2020-12-14;2021-12-14;itens_df8ed519-c551-49a1-919c-ae43d52a14cb.csv;148; ;atasRegistroPrecos_d48aa29c-0c2a-4107-ab26-25ff29d4f316.csv
2020;2020-09-29;2021-09-29;itens_ec794f9c-7d82-4110-b3bf-47cd1ffd72ea.csv;68; ;atasRegistroPrecos_d5ead5d2-3818-4e27-bb32-955ff87c0401.csv
2020;2020-05-29;2021-05-29;itens_75ee3ae3-ce2a-4f9e-900b-345b3751aafc.csv;141; ;atasRegistroPrecos_d60c920a-b3ef-42ff-ad96-4bd738535735.csv
2020;2020-05-29;2021-05-29;itens_beb47486-5080-43ad-8ed6-85ed99ca176b.csv;142; ;atasRegistroPrecos_d60c920a-b3ef-42ff-ad96-4bd738535735.csv
2020;2020-05-29;2021-05-29;itens_41a8d724-52e5-46ee-9fca-7120385070f5.csv;30; ;atasRegistroPrecos_d60c920a-b3ef-42ff-ad96-4bd738535735.csv
2020;2020-02-17;2021-02-17;itens_956a890d-70db-464c-b857-7c67a830e461.csv;5; ;atasRegistroPrecos_db679e4e-c96a-411a-8f5d-ca8c18892d6d.csv
2020;2020-08-24;2021-08-24;itens_49d9087f-b6ed-4196-a501-26b7e2a22df1.csv;22; ;atasRegistroPrecos_db8d587a-57e7-4b41-93c1-a5faa4795d7f.csv
2020;2020-08-24;2021-08-24;itens_3ca5d055-f362-4dd9-bf9b-899b677f2356.csv;97; ;atasRegistroPrecos_db8d587a-57e7-4b41-93c1-a5faa4795d7f.csv
2020;2020-08-24;2021-08-24;itens_24433874-d5ad-4e4f-8ba6-ae3be79daa1b.csv;98; ;atasRegistroPrecos_db8d587a-57e7-4b41-93c1-a5faa4795d7f.csv
2020;2020-08-24;2021-08-24;itens_d478ba19-5d83-4c95-a63f-c0276d0e6487.csv;99; ;atasRegistroPrecos_db8d587a-57e7-4b41-93c1-a5faa4795d7f.csv
2020;2020-08-04;2021-08-04;itens_7442481c-9d42-4e86-8a44-8dbcf62aadfc.csv;96; ;atasRegistroPrecos_de23a204-0316-4b94-bf1f-73980319df8c.csv
2020;2020-08-04;2021-08-04;itens_6f3b5058-d7a1-4d1c-821e-94ee9541e0b8.csv;19; ;atasRegistroPrecos_de23a204-0316-4b94-bf1f-73980319df8c.csv
2020;2020-05-21;2021-05-21;itens_75cea1fd-62a0-4d60-ba0b-17396a80e025.csv;10; ;atasRegistroPrecos_de942938-8df4-455a-8953-680bdb2c6155.csv
2021;2021-01-20;2022-01-20;itens_d24c3db6-b7c1-43fa-bf13-4d13b3fb2811.csv;64; ;atasRegistroPrecos_dfa36ad5-90a3-4a68-85a5-8a1517c2c5c5.csv
2021;2021-01-20;2022-01-20;itens_f473ee84-9bc4-4f11-b5a6-03e73bfcf14e.csv;65; ;atasRegistroPrecos_dfa36ad5-90a3-4a68-85a5-8a1517c2c5c5.csv
2021;2021-01-20;2022-01-20;itens_675dccd9-708f-4346-affd-5de242fe0506.csv;66; ;atasRegistroPrecos_dfa36ad5-90a3-4a68-85a5-8a1517c2c5c5.csv
2021;2021-01-20;2022-01-20;itens_1d83d7b1-760c-4f2b-b563-695625a243e1.csv;63; ;atasRegistroPrecos_dfa36ad5-90a3-4a68-85a5-8a1517c2c5c5.csv
2021;2021-01-20;2022-01-20;itens_d3e02953-e2bf-4336-aabe-6bfea734dc75.csv;2; ;atasRegistroPrecos_dfa36ad5-90a3-4a68-85a5-8a1517c2c5c5.csv
2020;2020-09-16;2021-09-16;itens_dea411ba-f056-4eba-975b-e2e04095985d.csv;65; ;atasRegistroPrecos_dfc14f8b-230f-4bb1-bef6-cd5c2ee53a3b.csv
2020;2020-08-26;2021-08-26;itens_84c95a3c-fc4f-4685-bb53-173b7d2e9fe6.csv;188; ;atasRegistroPrecos_e40f7e7f-8b3f-437e-9826-65676e4d986c.csv
2020;2020-08-26;2021-08-26;itens_9dd5d5ec-1e42-4731-afa1-3683beb132d6.csv;57; ;atasRegistroPrecos_e40f7e7f-8b3f-437e-9826-65676e4d986c.csv
2020;2020-08-26;2021-08-26;itens_6fef4455-7c9c-4708-b24a-508b4b64f6dc.csv;187; ;atasRegistroPrecos_e40f7e7f-8b3f-437e-9826-65676e4d986c.csv
2020;2020-05-08;2021-05-08;itens_74488395-4a54-4344-ba91-bdc913a54854.csv;1; ;atasRegistroPrecos_e53a36da-4edf-476e-a6ea-841668f1c5d1.csv
2020;2020-09-07;2021-09-07;itens_d19d306c-5e97-482a-b41f-d29959d57b56.csv;192; ;atasRegistroPrecos_e9adba97-c6f2-43a1-95e8-415a2c6485a0.csv
2020;2020-09-07;2021-09-07;itens_d509a40f-edb4-463a-a596-84658946e448.csv;191; ;atasRegistroPrecos_e9adba97-c6f2-43a1-95e8-415a2c6485a0.csv
2020;2020-09-07;2021-09-07;itens_d0336bcb-9b30-4d2e-bca6-c180fde54b26.csv;62; ;atasRegistroPrecos_e9adba97-c6f2-43a1-95e8-415a2c6485a0.csv
2020;2020-09-07;2021-09-07;itens_248f7869-9f76-4e7d-ad43-8008da9fce0e.csv;190; ;atasRegistroPrecos_e9adba97-c6f2-43a1-95e8-415a2c6485a0.csv
2020;2020-07-20;2021-07-20;itens_b7bde1b2-592f-4440-9685-8da34f84476f.csv;163; ;atasRegistroPrecos_ea982a38-65cb-450b-b61f-02a29909ad6a.csv
2020;2020-07-20;2021-07-20;itens_958fc83f-09b5-48b0-8909-9097c1e3d61b.csv;162; ;atasRegistroPrecos_ea982a38-65cb-450b-b61f-02a29909ad6a.csv
2020;2020-07-20;2021-07-20;itens_8cfc7b1b-d036-4750-b526-d33fbea9e4c9.csv;46; ;atasRegistroPrecos_ea982a38-65cb-450b-b61f-02a29909ad6a.csv
2020;2020-12-14;2021-12-14;itens_f5e9c85b-bf19-4808-bad3-2e8b5b2cb7e3.csv;150; ;atasRegistroPrecos_ec23719e-39e1-4461-afa7-88e2331d7b9c.csv
2020;2020-12-14;2021-12-14;itens_935d8365-157e-4706-9d62-766f1546492b.csv;151; ;atasRegistroPrecos_ec23719e-39e1-4461-afa7-88e2331d7b9c.csv
2020;2020-12-14;2021-12-14;itens_6fffebdf-ab9c-4544-8664-b2ac5ee6ef72.csv;149; ;atasRegistroPrecos_ec23719e-39e1-4461-afa7-88e2331d7b9c.csv
2020;2020-12-14;2021-12-14;itens_eb65c912-ee63-4412-b063-d290d5d4133f.csv;37; ;atasRegistroPrecos_ec23719e-39e1-4461-afa7-88e2331d7b9c.csv
2020;2020-09-04;2021-09-04;itens_720b31ce-af27-41fb-b079-d8fdb1e20d1f.csv;25; ;atasRegistroPrecos_f203db70-a63f-4f49-b248-083ed7ff2ef7.csv
2020;2020-03-17;2021-03-17;itens_77bfd688-517f-4896-a80a-d5dd4b3b440f.csv;17; ;atasRegistroPrecos_f576abdb-b55f-4399-b3b5-d1aeffcba8dd.csv
2020;2020-03-17;2021-03-17;itens_3c1e825d-e289-4c84-8123-147581b98c09.csv;100; ;atasRegistroPrecos_f576abdb-b55f-4399-b3b5-d1aeffcba8dd.csv
2020;2020-02-17;2021-02-17;itens_667467b4-11d3-46a7-b909-252a5f50ba97.csv;97; ;atasRegistroPrecos_f6526142-3b98-42bf-b724-3b34188acf58.csv
2020;2020-02-17;2021-02-17;itens_3dab0cf7-a753-4edf-9c8a-63a6fea3948e.csv;12; ;atasRegistroPrecos_f6526142-3b98-42bf-b724-3b34188acf58.csv
2020;2020-02-17;2021-02-17;itens_924e53d9-dd89-49fe-a1d3-f13cd082f3f5.csv;98; ;atasRegistroPrecos_f6526142-3b98-42bf-b724-3b34188acf58.csv
2020;2020-07-22;2021-07-22;itens_cc26014a-33de-4d1b-b889-81e2f8cd30d1.csv;168; ;atasRegistroPrecos_fb2f3ae4-c7c8-42be-8600-aba05558cf97.csv
2020;2020-07-22;2021-07-22;itens_836b3277-8306-42ff-98b3-f838c8a1b660.csv;169; ;atasRegistroPrecos_fb2f3ae4-c7c8-42be-8600-aba05558cf97.csv
2020;2020-07-22;2021-07-22;itens_80125b48-d185-4436-99f4-0dd3f7adbeb5.csv;49; ;atasRegistroPrecos_fb2f3ae4-c7c8-42be-8600-aba05558cf97.csv
2020;2020-07-22;2021-07-22;itens_a3f7afe4-f1b3-486c-ae5b-73c292490059.csv;164; ;atasRegistroPrecos_fb2f3ae4-c7c8-42be-8600-aba05558cf97.csv
2020;2020-07-22;2021-07-22;itens_2769ead2-8c61-4f0f-8cee-d837dd60dfd9.csv;166; ;atasRegistroPrecos_fb2f3ae4-c7c8-42be-8600-aba05558cf97.csv
2020;2020-07-22;2021-07-22;itens_46f32e89-aad8-4245-9eff-3e0d6eb9b8b6.csv;172; ;atasRegistroPrecos_fb2f3ae4-c7c8-42be-8600-aba05558cf97.csv
2020;2020-07-22;2021-07-22;itens_5b0b918c-d9ee-43c9-856f-7a498eb36995.csv;173; ;atasRegistroPrecos_fb2f3ae4-c7c8-42be-8600-aba05558cf97.csv
2020;2020-07-22;2021-07-22;itens_034300b8-4d5c-4afa-87f9-0cf157ef2d12.csv;171; ;atasRegistroPrecos_fb2f3ae4-c7c8-42be-8600-aba05558cf97.csv
2020;2020-07-22;2021-07-22;itens_ff585acb-0e3a-4fa2-ac8e-3d28e024fae7.csv;167; ;atasRegistroPrecos_fb2f3ae4-c7c8-42be-8600-aba05558cf97.csv
2020;2020-07-22;2021-07-22;itens_74e72042-4d15-4ba4-9ce4-7dfa4fe5fc80.csv;165; ;atasRegistroPrecos_fb2f3ae4-c7c8-42be-8600-aba05558cf97.csv
2020;2020-07-22;2021-07-22;itens_afc71799-5e16-44fa-9458-f9c920c34bae.csv;170; ;atasRegistroPrecos_fb2f3ae4-c7c8-42be-8600-aba05558cf97.csv
2020;2020-02-13;2021-02-13;itens_3af1e5cc-a3c5-45ba-8141-9536aee66d85.csv;8; ;atasRegistroPrecos_fb4e12cf-d1d1-4f72-b0f8-689cc088f103.csv
2020;2020-03-23;2021-03-23;itens_054adf96-56e6-4f3f-aa91-214c95b4e46e.csv;7; ;atasRegistroPrecos_fda97c9f-61c0-407b-9154-e3ba0b106d46.csv
2020;2020-03-23;2021-03-23;itens_13543477-3be2-4184-897d-6ea005abe63c.csv;65; ;atasRegistroPrecos_fda97c9f-61c0-407b-9154-e3ba0b106d46.csv
2020;2020-03-23;2021-03-23;itens_3de7d5a8-dcac-452a-86a0-591e061b124f.csv;66; ;atasRegistroPrecos_fda97c9f-61c0-407b-9154-e3ba0b106d46.csv
2020;2020-03-23;2021-03-23;itens_bc0c1ecd-7d3c-47a0-bc82-33188038a1c6.csv;53; ;atasRegistroPrecos_fda97c9f-61c0-407b-9154-e3ba0b106d46.csv
2020;2020-03-23;2021-03-23;itens_9e9759cb-8040-4af8-a89f-c660b12ffc3c.csv;52; ;atasRegistroPrecos_fda97c9f-61c0-407b-9154-e3ba0b106d46.csv
2020;2020-03-23;2021-03-23;itens_c3988fb8-b701-4e17-b01b-183a5e49c6e2.csv;51; ;atasRegistroPrecos_fda97c9f-61c0-407b-9154-e3ba0b106d46.csv
2020;2020-03-23;2021-03-23;itens_a46e5f24-a118-4575-b908-6c345cd18b56.csv;64; ;atasRegistroPrecos_fda97c9f-61c0-407b-9154-e3ba0b106d46.csv
2020;2020-03-23;2021-03-23;itens_e85e1fd9-2e08-4425-91dd-e8fa2c6ca251.csv;57; ;atasRegistroPrecos_fda97c9f-61c0-407b-9154-e3ba0b106d46.csv
2020;2020-03-23;2021-03-23;itens_0419366a-dae6-4caf-a078-70cc25b18168.csv;59; ;atasRegistroPrecos_fda97c9f-61c0-407b-9154-e3ba0b106d46.csv
2020;2020-03-23;2021-03-23;itens_f5f9b4a6-9753-4da7-b769-eb918431b045.csv;50; ;atasRegistroPrecos_fda97c9f-61c0-407b-9154-e3ba0b106d46.csv
2020;2020-03-23;2021-03-23;itens_d2624055-ddfa-4939-b514-c4c40bcbdf5f.csv;54; ;atasRegistroPrecos_fda97c9f-61c0-407b-9154-e3ba0b106d46.csv
2020;2020-03-23;2021-03-23;itens_e45e6922-4638-46a2-a6be-df0d566c15fa.csv;60; ;atasRegistroPrecos_fda97c9f-61c0-407b-9154-e3ba0b106d46.csv
2020;2020-03-23;2021-03-23;itens_a7dd038d-4183-4e92-a22a-769eacf16de4.csv;58; ;atasRegistroPrecos_fda97c9f-61c0-407b-9154-e3ba0b106d46.csv
2020;2020-03-23;2021-03-23;itens_c0b622b3-c71a-455f-8faf-1ce58211d95e.csv;61; ;atasRegistroPrecos_fda97c9f-61c0-407b-9154-e3ba0b106d46.csv
2020;2020-03-23;2021-03-23;itens_fc6cefce-c3f1-4531-b950-c9ce6b63f4ce.csv;67; ;atasRegistroPrecos_fda97c9f-61c0-407b-9154-e3ba0b106d46.csv
2020;2020-03-23;2021-03-23;itens_9555e71f-91a0-4760-aa9b-7fc72871da89.csv;56; ;atasRegistroPrecos_fda97c9f-61c0-407b-9154-e3ba0b106d46.csv
2020;2020-03-23;2021-03-23;itens_d7cfacd4-fe32-4a6c-83a4-1ce99b69ea26.csv;63; ;atasRegistroPrecos_fda97c9f-61c0-407b-9154-e3ba0b106d46.csv
2020;2020-03-23;2021-03-23;itens_c27d2ba1-b5a1-4eee-bed9-7039ccf024d3.csv;55; ;atasRegistroPrecos_fda97c9f-61c0-407b-9154-e3ba0b106d46.csv
2020;2020-03-23;2021-03-23;itens_e0008066-91c1-464e-a365-04c3818a3bdb.csv;62; ;atasRegistroPrecos_fda97c9f-61c0-407b-9154-e3ba0b106d46.csv
2020;2020-02-27;2021-02-27;itens_1584ed08-a64d-45f1-81ac-120710a8c25a.csv;6; ;atasRegistroPrecos_fed43efc-2e72-4dd0-a587-cdc35a400f71.csv
2020;2020-02-27;2021-02-27;itens_c361fdd5-2012-4ef9-9ac5-d93208bd494f.csv;49; ;atasRegistroPrecos_fed43efc-2e72-4dd0-a587-cdc35a400f71.csv
