anoProcesso;numeroLicitacao;origem_arquivo
2018;256;processos_009fce3d-cc2a-4cc0-be34-63a6cf0e78e5.csv
2018;375;processos_009fce3d-cc2a-4cc0-be34-63a6cf0e78e5.csv
2020;1;processos_009fce3d-cc2a-4cc0-be34-63a6cf0e78e5.csv
2020;21;processos_009fce3d-cc2a-4cc0-be34-63a6cf0e78e5.csv
2020;62;processos_009fce3d-cc2a-4cc0-be34-63a6cf0e78e5.csv
2020;179;processos_009fce3d-cc2a-4cc0-be34-63a6cf0e78e5.csv
2021;179;processos_009fce3d-cc2a-4cc0-be34-63a6cf0e78e5.csv
2021;180;processos_009fce3d-cc2a-4cc0-be34-63a6cf0e78e5.csv
2020;64;processos_009fce3d-cc2a-4cc0-be34-63a6cf0e78e5.csv
2020;119;processos_009fce3d-cc2a-4cc0-be34-63a6cf0e78e5.csv
2021;56;processos_009fce3d-cc2a-4cc0-be34-63a6cf0e78e5.csv
2023;93;processos_009fce3d-cc2a-4cc0-be34-63a6cf0e78e5.csv
2023;282;processos_009fce3d-cc2a-4cc0-be34-63a6cf0e78e5.csv
2013;78;processos_0252b56b-d265-4325-874a-82b52bb58998.csv
2016;210;processos_02c12983-932d-480d-869d-5421f3ee6994.csv
2016;68;processos_02c12983-932d-480d-869d-5421f3ee6994.csv
2018;6;processos_02c12983-932d-480d-869d-5421f3ee6994.csv
2018;58;processos_02c12983-932d-480d-869d-5421f3ee6994.csv
2018;71;processos_02c12983-932d-480d-869d-5421f3ee6994.csv
2018;82;processos_02c12983-932d-480d-869d-5421f3ee6994.csv
2019;45;processos_02c12983-932d-480d-869d-5421f3ee6994.csv
2019;62;processos_02c12983-932d-480d-869d-5421f3ee6994.csv
2019;73;processos_02c12983-932d-480d-869d-5421f3ee6994.csv
2020;69;processos_02c12983-932d-480d-869d-5421f3ee6994.csv
2020;90;processos_02c12983-932d-480d-869d-5421f3ee6994.csv
2020;91;processos_02c12983-932d-480d-869d-5421f3ee6994.csv
2021;29;processos_02c12983-932d-480d-869d-5421f3ee6994.csv
2021;79;processos_02c12983-932d-480d-869d-5421f3ee6994.csv
2022;21;processos_02c12983-932d-480d-869d-5421f3ee6994.csv
2023;19;processos_02c12983-932d-480d-869d-5421f3ee6994.csv
2024;2;processos_02c12983-932d-480d-869d-5421f3ee6994.csv
2024;31;processos_02c12983-932d-480d-869d-5421f3ee6994.csv
2014;30;processos_05dd55d0-dd26-41d8-a493-6f9c3d907252.csv
2014;34;processos_05dd55d0-dd26-41d8-a493-6f9c3d907252.csv
2015;23;processos_05dd55d0-dd26-41d8-a493-6f9c3d907252.csv
2015;24;processos_05dd55d0-dd26-41d8-a493-6f9c3d907252.csv
2018;8;processos_05dd55d0-dd26-41d8-a493-6f9c3d907252.csv
2014;262;processos_05dd55d0-dd26-41d8-a493-6f9c3d907252.csv
2015;67;processos_05dd55d0-dd26-41d8-a493-6f9c3d907252.csv
2015;96;processos_05dd55d0-dd26-41d8-a493-6f9c3d907252.csv
2015;237;processos_05dd55d0-dd26-41d8-a493-6f9c3d907252.csv
2016;67;processos_05dd55d0-dd26-41d8-a493-6f9c3d907252.csv
2016;87;processos_05dd55d0-dd26-41d8-a493-6f9c3d907252.csv
2016;130;processos_05dd55d0-dd26-41d8-a493-6f9c3d907252.csv
2016;175;processos_05dd55d0-dd26-41d8-a493-6f9c3d907252.csv
2017;89;processos_05dd55d0-dd26-41d8-a493-6f9c3d907252.csv
2017;168;processos_05dd55d0-dd26-41d8-a493-6f9c3d907252.csv
2017;171;processos_05dd55d0-dd26-41d8-a493-6f9c3d907252.csv
2017;225;processos_05dd55d0-dd26-41d8-a493-6f9c3d907252.csv
2017;230;processos_05dd55d0-dd26-41d8-a493-6f9c3d907252.csv
2017;239;processos_05dd55d0-dd26-41d8-a493-6f9c3d907252.csv
2018;30;processos_05dd55d0-dd26-41d8-a493-6f9c3d907252.csv
2018;31;processos_05dd55d0-dd26-41d8-a493-6f9c3d907252.csv
2018;105;processos_05dd55d0-dd26-41d8-a493-6f9c3d907252.csv
2018;126;processos_05dd55d0-dd26-41d8-a493-6f9c3d907252.csv
2018;164;processos_05dd55d0-dd26-41d8-a493-6f9c3d907252.csv
2018;168;processos_05dd55d0-dd26-41d8-a493-6f9c3d907252.csv
2018;172;processos_05dd55d0-dd26-41d8-a493-6f9c3d907252.csv
2018;178;processos_05dd55d0-dd26-41d8-a493-6f9c3d907252.csv
2018;198;processos_05dd55d0-dd26-41d8-a493-6f9c3d907252.csv
2018;207;processos_05dd55d0-dd26-41d8-a493-6f9c3d907252.csv
2018;221;processos_05dd55d0-dd26-41d8-a493-6f9c3d907252.csv
2018;230;processos_05dd55d0-dd26-41d8-a493-6f9c3d907252.csv
2018;245;processos_05dd55d0-dd26-41d8-a493-6f9c3d907252.csv
2018;259;processos_05dd55d0-dd26-41d8-a493-6f9c3d907252.csv
2018;328;processos_05dd55d0-dd26-41d8-a493-6f9c3d907252.csv
2018;329;processos_05dd55d0-dd26-41d8-a493-6f9c3d907252.csv
2018;351;processos_05dd55d0-dd26-41d8-a493-6f9c3d907252.csv
2019;82;processos_05dd55d0-dd26-41d8-a493-6f9c3d907252.csv
2019;94;processos_05dd55d0-dd26-41d8-a493-6f9c3d907252.csv
2019;121;processos_05dd55d0-dd26-41d8-a493-6f9c3d907252.csv
2019;123;processos_05dd55d0-dd26-41d8-a493-6f9c3d907252.csv
2020;174;processos_05dd55d0-dd26-41d8-a493-6f9c3d907252.csv
2020;284;processos_05dd55d0-dd26-41d8-a493-6f9c3d907252.csv
2020;285;processos_05dd55d0-dd26-41d8-a493-6f9c3d907252.csv
2020;295;processos_05dd55d0-dd26-41d8-a493-6f9c3d907252.csv
2020;304;processos_05dd55d0-dd26-41d8-a493-6f9c3d907252.csv
2020;310;processos_05dd55d0-dd26-41d8-a493-6f9c3d907252.csv
2014;23;processos_05dd55d0-dd26-41d8-a493-6f9c3d907252.csv
2015;8;processos_05dd55d0-dd26-41d8-a493-6f9c3d907252.csv
2015;9;processos_05dd55d0-dd26-41d8-a493-6f9c3d907252.csv
2015;10;processos_05dd55d0-dd26-41d8-a493-6f9c3d907252.csv
2015;11;processos_05dd55d0-dd26-41d8-a493-6f9c3d907252.csv
2015;12;processos_05dd55d0-dd26-41d8-a493-6f9c3d907252.csv
2015;16;processos_05dd55d0-dd26-41d8-a493-6f9c3d907252.csv
2015;41;processos_05dd55d0-dd26-41d8-a493-6f9c3d907252.csv
2016;3;processos_05dd55d0-dd26-41d8-a493-6f9c3d907252.csv
2016;18;processos_05dd55d0-dd26-41d8-a493-6f9c3d907252.csv
2016;19;processos_05dd55d0-dd26-41d8-a493-6f9c3d907252.csv
2016;24;processos_05dd55d0-dd26-41d8-a493-6f9c3d907252.csv
2016;36;processos_05dd55d0-dd26-41d8-a493-6f9c3d907252.csv
2016;40;processos_05dd55d0-dd26-41d8-a493-6f9c3d907252.csv
2017;21;processos_05dd55d0-dd26-41d8-a493-6f9c3d907252.csv
2017;35;processos_05dd55d0-dd26-41d8-a493-6f9c3d907252.csv
2017;61;processos_05dd55d0-dd26-41d8-a493-6f9c3d907252.csv
2017;63;processos_05dd55d0-dd26-41d8-a493-6f9c3d907252.csv
2017;68;processos_05dd55d0-dd26-41d8-a493-6f9c3d907252.csv
2017;69;processos_05dd55d0-dd26-41d8-a493-6f9c3d907252.csv
2018;1;processos_05dd55d0-dd26-41d8-a493-6f9c3d907252.csv
2018;46;processos_05dd55d0-dd26-41d8-a493-6f9c3d907252.csv
2018;62;processos_05dd55d0-dd26-41d8-a493-6f9c3d907252.csv
2018;64;processos_05dd55d0-dd26-41d8-a493-6f9c3d907252.csv
2019;10;processos_05dd55d0-dd26-41d8-a493-6f9c3d907252.csv
2020;55;processos_05dd55d0-dd26-41d8-a493-6f9c3d907252.csv
2020;57;processos_05dd55d0-dd26-41d8-a493-6f9c3d907252.csv
2020;108;processos_05dd55d0-dd26-41d8-a493-6f9c3d907252.csv
2021;17;processos_05dd55d0-dd26-41d8-a493-6f9c3d907252.csv
2018;3;processos_05dd55d0-dd26-41d8-a493-6f9c3d907252.csv
2019;1;processos_05dd55d0-dd26-41d8-a493-6f9c3d907252.csv
2021;316;processos_05dd55d0-dd26-41d8-a493-6f9c3d907252.csv
2022;162;processos_05dd55d0-dd26-41d8-a493-6f9c3d907252.csv
2024;32;processos_05dd55d0-dd26-41d8-a493-6f9c3d907252.csv
2019;303;processos_07542034-56a8-44a4-96bb-afe283bd0be5.csv
2016;70;processos_07542034-56a8-44a4-96bb-afe283bd0be5.csv
2022;1;processos_07542034-56a8-44a4-96bb-afe283bd0be5.csv
2022;6;processos_07542034-56a8-44a4-96bb-afe283bd0be5.csv
2023;2;processos_07542034-56a8-44a4-96bb-afe283bd0be5.csv
2021;136;processos_07542034-56a8-44a4-96bb-afe283bd0be5.csv
2023;10;processos_07542034-56a8-44a4-96bb-afe283bd0be5.csv
2024;1;processos_07542034-56a8-44a4-96bb-afe283bd0be5.csv
2018;11;processos_0f59ffdb-830a-45a8-a67f-3de77f3764e7.csv
2020;118;processos_0f59ffdb-830a-45a8-a67f-3de77f3764e7.csv
2020;5;processos_0f59ffdb-830a-45a8-a67f-3de77f3764e7.csv
2023;15;processos_0f59ffdb-830a-45a8-a67f-3de77f3764e7.csv
2023;25;processos_0f59ffdb-830a-45a8-a67f-3de77f3764e7.csv
2020;302;processos_122733c8-3a09-4ed1-9672-25a8b3dd1156.csv
2021;115;processos_122733c8-3a09-4ed1-9672-25a8b3dd1156.csv
2022;237;processos_122733c8-3a09-4ed1-9672-25a8b3dd1156.csv
2024;46;processos_122733c8-3a09-4ed1-9672-25a8b3dd1156.csv
2014;32;processos_171adbc1-2958-4e81-9889-e65c36b3f547.csv
2014;33;processos_171adbc1-2958-4e81-9889-e65c36b3f547.csv
2015;6;processos_171adbc1-2958-4e81-9889-e65c36b3f547.csv
2016;4;processos_171adbc1-2958-4e81-9889-e65c36b3f547.csv
2016;13;processos_171adbc1-2958-4e81-9889-e65c36b3f547.csv
2016;15;processos_171adbc1-2958-4e81-9889-e65c36b3f547.csv
2014;143;processos_171adbc1-2958-4e81-9889-e65c36b3f547.csv
2015;42;processos_171adbc1-2958-4e81-9889-e65c36b3f547.csv
2015;50;processos_171adbc1-2958-4e81-9889-e65c36b3f547.csv
2015;51;processos_171adbc1-2958-4e81-9889-e65c36b3f547.csv
2015;97;processos_171adbc1-2958-4e81-9889-e65c36b3f547.csv
2015;103;processos_171adbc1-2958-4e81-9889-e65c36b3f547.csv
2015;109;processos_171adbc1-2958-4e81-9889-e65c36b3f547.csv
2015;127;processos_171adbc1-2958-4e81-9889-e65c36b3f547.csv
2015;137;processos_171adbc1-2958-4e81-9889-e65c36b3f547.csv
2015;138;processos_171adbc1-2958-4e81-9889-e65c36b3f547.csv
2015;190;processos_171adbc1-2958-4e81-9889-e65c36b3f547.csv
2015;230;processos_171adbc1-2958-4e81-9889-e65c36b3f547.csv
2015;235;processos_171adbc1-2958-4e81-9889-e65c36b3f547.csv
2016;29;processos_171adbc1-2958-4e81-9889-e65c36b3f547.csv
2016;43;processos_171adbc1-2958-4e81-9889-e65c36b3f547.csv
2016;80;processos_171adbc1-2958-4e81-9889-e65c36b3f547.csv
2016;102;processos_171adbc1-2958-4e81-9889-e65c36b3f547.csv
2016;114;processos_171adbc1-2958-4e81-9889-e65c36b3f547.csv
2016;128;processos_171adbc1-2958-4e81-9889-e65c36b3f547.csv
2016;135;processos_171adbc1-2958-4e81-9889-e65c36b3f547.csv
2016;158;processos_171adbc1-2958-4e81-9889-e65c36b3f547.csv
2016;166;processos_171adbc1-2958-4e81-9889-e65c36b3f547.csv
2016;201;processos_171adbc1-2958-4e81-9889-e65c36b3f547.csv
2016;214;processos_171adbc1-2958-4e81-9889-e65c36b3f547.csv
2017;19;processos_171adbc1-2958-4e81-9889-e65c36b3f547.csv
2017;20;processos_171adbc1-2958-4e81-9889-e65c36b3f547.csv
2017;57;processos_171adbc1-2958-4e81-9889-e65c36b3f547.csv
2017;72;processos_171adbc1-2958-4e81-9889-e65c36b3f547.csv
2017;161;processos_171adbc1-2958-4e81-9889-e65c36b3f547.csv
2017;169;processos_171adbc1-2958-4e81-9889-e65c36b3f547.csv
2017;186;processos_171adbc1-2958-4e81-9889-e65c36b3f547.csv
2017;193;processos_171adbc1-2958-4e81-9889-e65c36b3f547.csv
2017;204;processos_171adbc1-2958-4e81-9889-e65c36b3f547.csv
2017;240;processos_171adbc1-2958-4e81-9889-e65c36b3f547.csv
2018;4;processos_171adbc1-2958-4e81-9889-e65c36b3f547.csv
2018;89;processos_171adbc1-2958-4e81-9889-e65c36b3f547.csv
2018;92;processos_171adbc1-2958-4e81-9889-e65c36b3f547.csv
2018;110;processos_171adbc1-2958-4e81-9889-e65c36b3f547.csv
2018;176;processos_171adbc1-2958-4e81-9889-e65c36b3f547.csv
2018;188;processos_171adbc1-2958-4e81-9889-e65c36b3f547.csv
2018;301;processos_171adbc1-2958-4e81-9889-e65c36b3f547.csv
2018;505;processos_171adbc1-2958-4e81-9889-e65c36b3f547.csv
2019;9;processos_171adbc1-2958-4e81-9889-e65c36b3f547.csv
2019;14;processos_171adbc1-2958-4e81-9889-e65c36b3f547.csv
2020;34;processos_171adbc1-2958-4e81-9889-e65c36b3f547.csv
2013;36;processos_171adbc1-2958-4e81-9889-e65c36b3f547.csv
2013;41;processos_171adbc1-2958-4e81-9889-e65c36b3f547.csv
2014;82;processos_171adbc1-2958-4e81-9889-e65c36b3f547.csv
2015;32;processos_171adbc1-2958-4e81-9889-e65c36b3f547.csv
2015;40;processos_171adbc1-2958-4e81-9889-e65c36b3f547.csv
2015;49;processos_171adbc1-2958-4e81-9889-e65c36b3f547.csv
2015;58;processos_171adbc1-2958-4e81-9889-e65c36b3f547.csv
2016;39;processos_171adbc1-2958-4e81-9889-e65c36b3f547.csv
2018;26;processos_171adbc1-2958-4e81-9889-e65c36b3f547.csv
2018;49;processos_171adbc1-2958-4e81-9889-e65c36b3f547.csv
2018;69;processos_171adbc1-2958-4e81-9889-e65c36b3f547.csv
2015;4;processos_171adbc1-2958-4e81-9889-e65c36b3f547.csv
2015;7;processos_171adbc1-2958-4e81-9889-e65c36b3f547.csv
2015;209;processos_18d68219-e750-418d-a72f-43b0f31889ae.csv
2016;106;processos_18d68219-e750-418d-a72f-43b0f31889ae.csv
2016;147;processos_18d68219-e750-418d-a72f-43b0f31889ae.csv
2016;149;processos_18d68219-e750-418d-a72f-43b0f31889ae.csv
2017;29;processos_18d68219-e750-418d-a72f-43b0f31889ae.csv
2018;208;processos_18d68219-e750-418d-a72f-43b0f31889ae.csv
2018;225;processos_18d68219-e750-418d-a72f-43b0f31889ae.csv
2020;135;processos_18d68219-e750-418d-a72f-43b0f31889ae.csv
2020;182;processos_18d68219-e750-418d-a72f-43b0f31889ae.csv
2020;249;processos_18d68219-e750-418d-a72f-43b0f31889ae.csv
2020;262;processos_18d68219-e750-418d-a72f-43b0f31889ae.csv
2020;267;processos_18d68219-e750-418d-a72f-43b0f31889ae.csv
2020;313;processos_18d68219-e750-418d-a72f-43b0f31889ae.csv
2020;314;processos_18d68219-e750-418d-a72f-43b0f31889ae.csv
2020;324;processos_18d68219-e750-418d-a72f-43b0f31889ae.csv
2021;109;processos_18d68219-e750-418d-a72f-43b0f31889ae.csv
2021;245;processos_18d68219-e750-418d-a72f-43b0f31889ae.csv
2021;281;processos_18d68219-e750-418d-a72f-43b0f31889ae.csv
2021;328;processos_18d68219-e750-418d-a72f-43b0f31889ae.csv
2021;376;processos_18d68219-e750-418d-a72f-43b0f31889ae.csv
2022;16;processos_18d68219-e750-418d-a72f-43b0f31889ae.csv
2022;50;processos_18d68219-e750-418d-a72f-43b0f31889ae.csv
2022;96;processos_18d68219-e750-418d-a72f-43b0f31889ae.csv
2023;226;processos_18d68219-e750-418d-a72f-43b0f31889ae.csv
2023;253;processos_18d68219-e750-418d-a72f-43b0f31889ae.csv
2023;243;processos_18d68219-e750-418d-a72f-43b0f31889ae.csv
2024;58;processos_18d68219-e750-418d-a72f-43b0f31889ae.csv
2021;236;processos_1918bfab-5411-4c74-aef3-ff5334460409.csv
2019;296;processos_1b742482-2b06-4afc-b1af-97f6ca913f75.csv
2020;216;processos_1b742482-2b06-4afc-b1af-97f6ca913f75.csv
2019;42;processos_1f742b60-a438-440a-ab56-00532998b390.csv
2019;60;processos_1f742b60-a438-440a-ab56-00532998b390.csv
2022;37;processos_1f742b60-a438-440a-ab56-00532998b390.csv
2023;8;processos_1f742b60-a438-440a-ab56-00532998b390.csv
2024;40;processos_1f742b60-a438-440a-ab56-00532998b390.csv
2015;165;processos_2377e6bd-b04f-4027-9665-ba4a49266ef4.csv
2015;173;processos_2377e6bd-b04f-4027-9665-ba4a49266ef4.csv
2015;221;processos_2377e6bd-b04f-4027-9665-ba4a49266ef4.csv
2018;234;processos_2377e6bd-b04f-4027-9665-ba4a49266ef4.csv
2018;370;processos_2377e6bd-b04f-4027-9665-ba4a49266ef4.csv
2018;371;processos_2377e6bd-b04f-4027-9665-ba4a49266ef4.csv
2018;10;processos_2377e6bd-b04f-4027-9665-ba4a49266ef4.csv
2012;90;processos_2875c7e7-be7a-4861-b8ba-d866792f73a3.csv
2015;43;processos_2875c7e7-be7a-4861-b8ba-d866792f73a3.csv
2015;60;processos_2875c7e7-be7a-4861-b8ba-d866792f73a3.csv
2015;62;processos_2875c7e7-be7a-4861-b8ba-d866792f73a3.csv
2016;11;processos_2875c7e7-be7a-4861-b8ba-d866792f73a3.csv
2016;50;processos_2875c7e7-be7a-4861-b8ba-d866792f73a3.csv
2017;26;processos_2875c7e7-be7a-4861-b8ba-d866792f73a3.csv
2017;27;processos_2875c7e7-be7a-4861-b8ba-d866792f73a3.csv
2017;44;processos_2875c7e7-be7a-4861-b8ba-d866792f73a3.csv
2017;52;processos_2875c7e7-be7a-4861-b8ba-d866792f73a3.csv
2018;35;processos_2875c7e7-be7a-4861-b8ba-d866792f73a3.csv
2018;38;processos_2875c7e7-be7a-4861-b8ba-d866792f73a3.csv
2018;56;processos_2875c7e7-be7a-4861-b8ba-d866792f73a3.csv
2018;67;processos_2875c7e7-be7a-4861-b8ba-d866792f73a3.csv
2018;68;processos_2875c7e7-be7a-4861-b8ba-d866792f73a3.csv
2018;74;processos_2875c7e7-be7a-4861-b8ba-d866792f73a3.csv
2018;94;processos_2875c7e7-be7a-4861-b8ba-d866792f73a3.csv
2019;44;processos_2875c7e7-be7a-4861-b8ba-d866792f73a3.csv
2020;114;processos_2875c7e7-be7a-4861-b8ba-d866792f73a3.csv
2021;53;processos_2875c7e7-be7a-4861-b8ba-d866792f73a3.csv
2021;88;processos_2875c7e7-be7a-4861-b8ba-d866792f73a3.csv
2024;34;processos_2875c7e7-be7a-4861-b8ba-d866792f73a3.csv
2010;185;processos_29f3f799-190f-4141-a25f-897ad5f960c9.csv
2014;45;processos_29f3f799-190f-4141-a25f-897ad5f960c9.csv
2016;8;processos_29f3f799-190f-4141-a25f-897ad5f960c9.csv
2020;4;processos_29f3f799-190f-4141-a25f-897ad5f960c9.csv
2016;54;processos_29f3f799-190f-4141-a25f-897ad5f960c9.csv
2016;16;processos_32ce3687-af6f-4c56-986e-d705362bc07e.csv
2016;45;processos_32ce3687-af6f-4c56-986e-d705362bc07e.csv
2016;46;processos_32ce3687-af6f-4c56-986e-d705362bc07e.csv
2017;102;processos_32ce3687-af6f-4c56-986e-d705362bc07e.csv
2020;88;processos_32ce3687-af6f-4c56-986e-d705362bc07e.csv
2020;206;processos_32ce3687-af6f-4c56-986e-d705362bc07e.csv
2021;142;processos_32ce3687-af6f-4c56-986e-d705362bc07e.csv
2015;65;processos_32ce3687-af6f-4c56-986e-d705362bc07e.csv
2016;51;processos_32ce3687-af6f-4c56-986e-d705362bc07e.csv
2016;64;processos_32ce3687-af6f-4c56-986e-d705362bc07e.csv
2018;15;processos_32ce3687-af6f-4c56-986e-d705362bc07e.csv
2019;56;processos_32ce3687-af6f-4c56-986e-d705362bc07e.csv
2020;44;processos_32ce3687-af6f-4c56-986e-d705362bc07e.csv
2020;78;processos_32ce3687-af6f-4c56-986e-d705362bc07e.csv
2020;94;processos_32ce3687-af6f-4c56-986e-d705362bc07e.csv
2021;84;processos_32ce3687-af6f-4c56-986e-d705362bc07e.csv
2023;3;processos_32ce3687-af6f-4c56-986e-d705362bc07e.csv
2023;288;processos_32ce3687-af6f-4c56-986e-d705362bc07e.csv
2024;6;processos_32ce3687-af6f-4c56-986e-d705362bc07e.csv
2015;25;processos_3529a339-c073-4553-8181-42f9cc7b96ec.csv
2016;33;processos_3529a339-c073-4553-8181-42f9cc7b96ec.csv
2021;44;processos_3529a339-c073-4553-8181-42f9cc7b96ec.csv
2018;171;processos_368750dc-ea7c-479d-ace7-806ed1f87bad.csv
2019;272;processos_368750dc-ea7c-479d-ace7-806ed1f87bad.csv
2020;170;processos_368750dc-ea7c-479d-ace7-806ed1f87bad.csv
2020;207;processos_368750dc-ea7c-479d-ace7-806ed1f87bad.csv
2021;175;processos_368750dc-ea7c-479d-ace7-806ed1f87bad.csv
2021;238;processos_368750dc-ea7c-479d-ace7-806ed1f87bad.csv
2020;53;processos_368750dc-ea7c-479d-ace7-806ed1f87bad.csv
2021;28;processos_368750dc-ea7c-479d-ace7-806ed1f87bad.csv
2021;298;processos_368750dc-ea7c-479d-ace7-806ed1f87bad.csv
2022;263;processos_368750dc-ea7c-479d-ace7-806ed1f87bad.csv
2024;158;processos_368750dc-ea7c-479d-ace7-806ed1f87bad.csv
2018;159;processos_38abb2d2-bab8-42b6-aba1-7ff3cf479335.csv
2019; ;processos_38abb2d2-bab8-42b6-aba1-7ff3cf479335.csv
2020;210;processos_38abb2d2-bab8-42b6-aba1-7ff3cf479335.csv
2021;342;processos_38abb2d2-bab8-42b6-aba1-7ff3cf479335.csv
2021;345;processos_38abb2d2-bab8-42b6-aba1-7ff3cf479335.csv
2021;339;processos_38abb2d2-bab8-42b6-aba1-7ff3cf479335.csv
2022;11;processos_38abb2d2-bab8-42b6-aba1-7ff3cf479335.csv
2023;172;processos_38abb2d2-bab8-42b6-aba1-7ff3cf479335.csv
2024;170;processos_38abb2d2-bab8-42b6-aba1-7ff3cf479335.csv
2025;43;processos_38abb2d2-bab8-42b6-aba1-7ff3cf479335.csv
2023;20;processos_3905bcfe-db76-4ef9-b9c3-6f6ea041dbce.csv
2022;257;processos_3905bcfe-db76-4ef9-b9c3-6f6ea041dbce.csv
2023;132;processos_3905bcfe-db76-4ef9-b9c3-6f6ea041dbce.csv
2019;16;processos_3ab95104-1ee0-4128-b4e5-a86ae9ea671e.csv
2020;6;processos_3ab95104-1ee0-4128-b4e5-a86ae9ea671e.csv
2021;8;processos_3ab95104-1ee0-4128-b4e5-a86ae9ea671e.csv
2021;13;processos_3ab95104-1ee0-4128-b4e5-a86ae9ea671e.csv
2015;288;processos_3ab95104-1ee0-4128-b4e5-a86ae9ea671e.csv
2016;203;processos_3ab95104-1ee0-4128-b4e5-a86ae9ea671e.csv
2018;2;processos_3ab95104-1ee0-4128-b4e5-a86ae9ea671e.csv
2018;5;processos_3ab95104-1ee0-4128-b4e5-a86ae9ea671e.csv
2018;113;processos_3ab95104-1ee0-4128-b4e5-a86ae9ea671e.csv
2019;380;processos_3ab95104-1ee0-4128-b4e5-a86ae9ea671e.csv
2021;5;processos_3ab95104-1ee0-4128-b4e5-a86ae9ea671e.csv
2023;5;processos_3ab95104-1ee0-4128-b4e5-a86ae9ea671e.csv
2023;17;processos_3ab95104-1ee0-4128-b4e5-a86ae9ea671e.csv
2023;314;processos_3ab95104-1ee0-4128-b4e5-a86ae9ea671e.csv
2024;28;processos_3ab95104-1ee0-4128-b4e5-a86ae9ea671e.csv
2015;2;processos_3d14748b-b608-4297-b366-8eb218c23c5e.csv
2017;8;processos_3d14748b-b608-4297-b366-8eb218c23c5e.csv
2014;237;processos_3d14748b-b608-4297-b366-8eb218c23c5e.csv
2015;107;processos_3d14748b-b608-4297-b366-8eb218c23c5e.csv
2016;2;processos_3d14748b-b608-4297-b366-8eb218c23c5e.csv
2016;42;processos_3d14748b-b608-4297-b366-8eb218c23c5e.csv
2018;343;processos_3d14748b-b608-4297-b366-8eb218c23c5e.csv
2013;76;processos_3d14748b-b608-4297-b366-8eb218c23c5e.csv
2015;68;processos_3d14748b-b608-4297-b366-8eb218c23c5e.csv
2018;95;processos_3d14748b-b608-4297-b366-8eb218c23c5e.csv
2018;18;processos_3d14748b-b608-4297-b366-8eb218c23c5e.csv
2021;77;processos_3d14748b-b608-4297-b366-8eb218c23c5e.csv
2023;155;processos_3d14748b-b608-4297-b366-8eb218c23c5e.csv
2024;9;processos_3d14748b-b608-4297-b366-8eb218c23c5e.csv
2024;33;processos_3d14748b-b608-4297-b366-8eb218c23c5e.csv
2024;198;processos_3d14748b-b608-4297-b366-8eb218c23c5e.csv
2024;214;processos_3d14748b-b608-4297-b366-8eb218c23c5e.csv
2015;220;processos_3edfed99-9cb9-4c05-9f60-2d2848b519fe.csv
2017;207;processos_3edfed99-9cb9-4c05-9f60-2d2848b519fe.csv
2020;20;processos_3edfed99-9cb9-4c05-9f60-2d2848b519fe.csv
2013;102;processos_40de7dd6-25dd-426f-b3aa-0d83023c1c36.csv
2013;223;processos_40de7dd6-25dd-426f-b3aa-0d83023c1c36.csv
2014;286;processos_40de7dd6-25dd-426f-b3aa-0d83023c1c36.csv
2017;198;processos_40de7dd6-25dd-426f-b3aa-0d83023c1c36.csv
2018;223;processos_40de7dd6-25dd-426f-b3aa-0d83023c1c36.csv
2018;289;processos_40de7dd6-25dd-426f-b3aa-0d83023c1c36.csv
2018;291;processos_40de7dd6-25dd-426f-b3aa-0d83023c1c36.csv
2019;23;processos_40de7dd6-25dd-426f-b3aa-0d83023c1c36.csv
2019;27;processos_40de7dd6-25dd-426f-b3aa-0d83023c1c36.csv
2019;28;processos_40de7dd6-25dd-426f-b3aa-0d83023c1c36.csv
2019;118;processos_40de7dd6-25dd-426f-b3aa-0d83023c1c36.csv
2019;163;processos_40de7dd6-25dd-426f-b3aa-0d83023c1c36.csv
2019;178;processos_40de7dd6-25dd-426f-b3aa-0d83023c1c36.csv
2019;213;processos_40de7dd6-25dd-426f-b3aa-0d83023c1c36.csv
2019;231;processos_40de7dd6-25dd-426f-b3aa-0d83023c1c36.csv
2019;233;processos_40de7dd6-25dd-426f-b3aa-0d83023c1c36.csv
2019;321;processos_40de7dd6-25dd-426f-b3aa-0d83023c1c36.csv
2019;326;processos_40de7dd6-25dd-426f-b3aa-0d83023c1c36.csv
2019;327;processos_40de7dd6-25dd-426f-b3aa-0d83023c1c36.csv
2019;344;processos_40de7dd6-25dd-426f-b3aa-0d83023c1c36.csv
2020;11;processos_40de7dd6-25dd-426f-b3aa-0d83023c1c36.csv
2020;77;processos_40de7dd6-25dd-426f-b3aa-0d83023c1c36.csv
2020;152;processos_40de7dd6-25dd-426f-b3aa-0d83023c1c36.csv
2020;173;processos_40de7dd6-25dd-426f-b3aa-0d83023c1c36.csv
2020;194;processos_40de7dd6-25dd-426f-b3aa-0d83023c1c36.csv
2020;237;processos_40de7dd6-25dd-426f-b3aa-0d83023c1c36.csv
2020;268;processos_40de7dd6-25dd-426f-b3aa-0d83023c1c36.csv
2021;117;processos_40de7dd6-25dd-426f-b3aa-0d83023c1c36.csv
2021;122;processos_40de7dd6-25dd-426f-b3aa-0d83023c1c36.csv
2021;170;processos_40de7dd6-25dd-426f-b3aa-0d83023c1c36.csv
2021;255;processos_40de7dd6-25dd-426f-b3aa-0d83023c1c36.csv
2021;246;processos_40de7dd6-25dd-426f-b3aa-0d83023c1c36.csv
2021;302;processos_40de7dd6-25dd-426f-b3aa-0d83023c1c36.csv
2021;363;processos_40de7dd6-25dd-426f-b3aa-0d83023c1c36.csv
2021;335;processos_40de7dd6-25dd-426f-b3aa-0d83023c1c36.csv
2021;383;processos_40de7dd6-25dd-426f-b3aa-0d83023c1c36.csv
2021;390;processos_40de7dd6-25dd-426f-b3aa-0d83023c1c36.csv
2021;391;processos_40de7dd6-25dd-426f-b3aa-0d83023c1c36.csv
2022;20;processos_40de7dd6-25dd-426f-b3aa-0d83023c1c36.csv
2022;25;processos_40de7dd6-25dd-426f-b3aa-0d83023c1c36.csv
2022;61;processos_40de7dd6-25dd-426f-b3aa-0d83023c1c36.csv
2022;59;processos_40de7dd6-25dd-426f-b3aa-0d83023c1c36.csv
2022;119;processos_40de7dd6-25dd-426f-b3aa-0d83023c1c36.csv
2022;120;processos_40de7dd6-25dd-426f-b3aa-0d83023c1c36.csv
2022;133;processos_40de7dd6-25dd-426f-b3aa-0d83023c1c36.csv
2022;193;processos_40de7dd6-25dd-426f-b3aa-0d83023c1c36.csv
2022;194;processos_40de7dd6-25dd-426f-b3aa-0d83023c1c36.csv
2022;221;processos_40de7dd6-25dd-426f-b3aa-0d83023c1c36.csv
2022;222;processos_40de7dd6-25dd-426f-b3aa-0d83023c1c36.csv
2023;50;processos_40de7dd6-25dd-426f-b3aa-0d83023c1c36.csv
2023;89;processos_40de7dd6-25dd-426f-b3aa-0d83023c1c36.csv
2023;135;processos_40de7dd6-25dd-426f-b3aa-0d83023c1c36.csv
2023;170;processos_40de7dd6-25dd-426f-b3aa-0d83023c1c36.csv
2023;197;processos_40de7dd6-25dd-426f-b3aa-0d83023c1c36.csv
2024;50;processos_40de7dd6-25dd-426f-b3aa-0d83023c1c36.csv
2024;122;processos_40de7dd6-25dd-426f-b3aa-0d83023c1c36.csv
2024;123;processos_40de7dd6-25dd-426f-b3aa-0d83023c1c36.csv
2024;153;processos_40de7dd6-25dd-426f-b3aa-0d83023c1c36.csv
2025;72;processos_40de7dd6-25dd-426f-b3aa-0d83023c1c36.csv
2025;124;processos_40de7dd6-25dd-426f-b3aa-0d83023c1c36.csv
2025;147;processos_40de7dd6-25dd-426f-b3aa-0d83023c1c36.csv
2017;31;processos_40f1f5a5-4a84-45f6-b776-60f442a28216.csv
2021;40;processos_40f1f5a5-4a84-45f6-b776-60f442a28216.csv
2019;224;processos_415fde29-9ef2-4339-b6e5-1c878169eb99.csv
2017;17;processos_42441492-e23f-4af9-8d9e-7c442e927912.csv
2017;177;processos_42441492-e23f-4af9-8d9e-7c442e927912.csv
2018;149;processos_42441492-e23f-4af9-8d9e-7c442e927912.csv
2018;167;processos_42441492-e23f-4af9-8d9e-7c442e927912.csv
2018;336;processos_42441492-e23f-4af9-8d9e-7c442e927912.csv
2019;200;processos_42441492-e23f-4af9-8d9e-7c442e927912.csv
2019;33;processos_42441492-e23f-4af9-8d9e-7c442e927912.csv
2018;19;processos_42441492-e23f-4af9-8d9e-7c442e927912.csv
2022;160;processos_42441492-e23f-4af9-8d9e-7c442e927912.csv
2022;178;processos_42441492-e23f-4af9-8d9e-7c442e927912.csv
2022;26;processos_42441492-e23f-4af9-8d9e-7c442e927912.csv
2022;188;processos_42441492-e23f-4af9-8d9e-7c442e927912.csv
2022;8;processos_42441492-e23f-4af9-8d9e-7c442e927912.csv
2022;191;processos_42441492-e23f-4af9-8d9e-7c442e927912.csv
2023;31;processos_42441492-e23f-4af9-8d9e-7c442e927912.csv
2023;59;processos_42441492-e23f-4af9-8d9e-7c442e927912.csv
2023;112;processos_42441492-e23f-4af9-8d9e-7c442e927912.csv
2023;100;processos_42441492-e23f-4af9-8d9e-7c442e927912.csv
2023;109;processos_42441492-e23f-4af9-8d9e-7c442e927912.csv
2023;134;processos_42441492-e23f-4af9-8d9e-7c442e927912.csv
2023;143;processos_42441492-e23f-4af9-8d9e-7c442e927912.csv
2023;156;processos_42441492-e23f-4af9-8d9e-7c442e927912.csv
2023;166;processos_42441492-e23f-4af9-8d9e-7c442e927912.csv
2023;137;processos_42441492-e23f-4af9-8d9e-7c442e927912.csv
2023;236;processos_42441492-e23f-4af9-8d9e-7c442e927912.csv
2023;277;processos_42441492-e23f-4af9-8d9e-7c442e927912.csv
2023;266;processos_42441492-e23f-4af9-8d9e-7c442e927912.csv
2023;279;processos_42441492-e23f-4af9-8d9e-7c442e927912.csv
2023;39;processos_42441492-e23f-4af9-8d9e-7c442e927912.csv
2023;296;processos_42441492-e23f-4af9-8d9e-7c442e927912.csv
2024;21;processos_42441492-e23f-4af9-8d9e-7c442e927912.csv
2024;66;processos_42441492-e23f-4af9-8d9e-7c442e927912.csv
2024;16;processos_42441492-e23f-4af9-8d9e-7c442e927912.csv
2024;98;processos_42441492-e23f-4af9-8d9e-7c442e927912.csv
2024;78;processos_42441492-e23f-4af9-8d9e-7c442e927912.csv
2024;95;processos_42441492-e23f-4af9-8d9e-7c442e927912.csv
2024;23;processos_42441492-e23f-4af9-8d9e-7c442e927912.csv
2024;160;processos_42441492-e23f-4af9-8d9e-7c442e927912.csv
2024;35;processos_42441492-e23f-4af9-8d9e-7c442e927912.csv
2024;37;processos_42441492-e23f-4af9-8d9e-7c442e927912.csv
2019;275;processos_427c416e-03a6-4a43-ba72-2f2640e42b12.csv
2019;362;processos_427c416e-03a6-4a43-ba72-2f2640e42b12.csv
2019;41;processos_427c416e-03a6-4a43-ba72-2f2640e42b12.csv
2021;288;processos_427c416e-03a6-4a43-ba72-2f2640e42b12.csv
2021;327;processos_427c416e-03a6-4a43-ba72-2f2640e42b12.csv
2018;373;processos_479e3d4b-ba65-4295-bac3-72cc265facba.csv
2019;75;processos_47bdcd6f-f351-43d5-b089-61550edb1e09.csv
2019;151;processos_47bdcd6f-f351-43d5-b089-61550edb1e09.csv
2020;26;processos_47bdcd6f-f351-43d5-b089-61550edb1e09.csv
2020;176;processos_47bdcd6f-f351-43d5-b089-61550edb1e09.csv
2020;192;processos_47bdcd6f-f351-43d5-b089-61550edb1e09.csv
2021;119;processos_47bdcd6f-f351-43d5-b089-61550edb1e09.csv
2022;171;processos_47bdcd6f-f351-43d5-b089-61550edb1e09.csv
2023;21;processos_47bdcd6f-f351-43d5-b089-61550edb1e09.csv
2018;218;processos_498937c3-361f-49af-89a1-04b256099e6b.csv
2019;168;processos_498937c3-361f-49af-89a1-04b256099e6b.csv
2020;169;processos_498937c3-361f-49af-89a1-04b256099e6b.csv
2020;13;processos_4ab41d80-6fce-4e6f-87df-c26dc10a60d2.csv
2019;74;processos_4ab41d80-6fce-4e6f-87df-c26dc10a60d2.csv
2018;91;processos_4ab41d80-6fce-4e6f-87df-c26dc10a60d2.csv
2018;93;processos_4ab41d80-6fce-4e6f-87df-c26dc10a60d2.csv
2018;99;processos_4ab41d80-6fce-4e6f-87df-c26dc10a60d2.csv
2020;19;processos_4ab41d80-6fce-4e6f-87df-c26dc10a60d2.csv
2020;51;processos_4ab41d80-6fce-4e6f-87df-c26dc10a60d2.csv
2020;96;processos_4ab41d80-6fce-4e6f-87df-c26dc10a60d2.csv
2021;43;processos_4ab41d80-6fce-4e6f-87df-c26dc10a60d2.csv
2016;23;processos_4f5b3542-8f65-4718-9fcf-4c76d94d4d7f.csv
2017;51;processos_4f5b3542-8f65-4718-9fcf-4c76d94d4d7f.csv
2019;89;processos_4f5b3542-8f65-4718-9fcf-4c76d94d4d7f.csv
2021;89;processos_4f5b3542-8f65-4718-9fcf-4c76d94d4d7f.csv
2025;10;processos_4f5b3542-8f65-4718-9fcf-4c76d94d4d7f.csv
2019;315;processos_54d6f459-b71c-400f-978f-9c29399f1b7e.csv
2020;258;processos_54d6f459-b71c-400f-978f-9c29399f1b7e.csv
2021;356;processos_54d6f459-b71c-400f-978f-9c29399f1b7e.csv
2022;52;processos_54d6f459-b71c-400f-978f-9c29399f1b7e.csv
2015;26;processos_54eac9f1-c197-4440-90db-fabedb344f17.csv
2015; ;processos_54eac9f1-c197-4440-90db-fabedb344f17.csv
2015;71;processos_55591f8d-f85a-44c9-a0e4-ae334dd76708.csv
2020;27;processos_55591f8d-f85a-44c9-a0e4-ae334dd76708.csv
2011;29;processos_5815e7d8-26d9-4a2a-91a6-6275a91394e0.csv
2017;46;processos_5d039e97-0db8-440f-b7dd-498187a64eb1.csv
2018;90;processos_5d039e97-0db8-440f-b7dd-498187a64eb1.csv
2019;65;processos_5d039e97-0db8-440f-b7dd-498187a64eb1.csv
2019;80;processos_5d039e97-0db8-440f-b7dd-498187a64eb1.csv
2020;42;processos_5d039e97-0db8-440f-b7dd-498187a64eb1.csv
2020;112;processos_5d039e97-0db8-440f-b7dd-498187a64eb1.csv
2021;54;processos_5d039e97-0db8-440f-b7dd-498187a64eb1.csv
2022;28;processos_5d039e97-0db8-440f-b7dd-498187a64eb1.csv
2023;32;processos_5d039e97-0db8-440f-b7dd-498187a64eb1.csv
2017;16;processos_5d81d041-3b33-48e9-a148-3a5674be1d40.csv
2021;6;processos_5d81d041-3b33-48e9-a148-3a5674be1d40.csv
2016;30;processos_5d81d041-3b33-48e9-a148-3a5674be1d40.csv
2017;117;processos_5d81d041-3b33-48e9-a148-3a5674be1d40.csv
2018;271;processos_5d81d041-3b33-48e9-a148-3a5674be1d40.csv
2019;235;processos_5d81d041-3b33-48e9-a148-3a5674be1d40.csv
2019;287;processos_5d81d041-3b33-48e9-a148-3a5674be1d40.csv
2020;151;processos_5d81d041-3b33-48e9-a148-3a5674be1d40.csv
2020;246;processos_5d81d041-3b33-48e9-a148-3a5674be1d40.csv
2021;199;processos_5d81d041-3b33-48e9-a148-3a5674be1d40.csv
2021;318;processos_5d81d041-3b33-48e9-a148-3a5674be1d40.csv
2010;178;processos_5f1c287b-8a87-436f-a809-d1543d06f2c4.csv
2011;284;processos_5f2e2476-b3b9-4882-a53c-00c162f62b5a.csv
2012;64;processos_5f2e2476-b3b9-4882-a53c-00c162f62b5a.csv
2013;224;processos_5f2e2476-b3b9-4882-a53c-00c162f62b5a.csv
2014;42;processos_5f2e2476-b3b9-4882-a53c-00c162f62b5a.csv
2014;139;processos_5f2e2476-b3b9-4882-a53c-00c162f62b5a.csv
2014;249;processos_5f2e2476-b3b9-4882-a53c-00c162f62b5a.csv
2014;252;processos_5f2e2476-b3b9-4882-a53c-00c162f62b5a.csv
2014;299;processos_5f2e2476-b3b9-4882-a53c-00c162f62b5a.csv
2015;3;processos_5f2e2476-b3b9-4882-a53c-00c162f62b5a.csv
2015;84;processos_5f2e2476-b3b9-4882-a53c-00c162f62b5a.csv
2015;95;processos_5f2e2476-b3b9-4882-a53c-00c162f62b5a.csv
2015;106;processos_5f2e2476-b3b9-4882-a53c-00c162f62b5a.csv
2015;112;processos_5f2e2476-b3b9-4882-a53c-00c162f62b5a.csv
2015;117;processos_5f2e2476-b3b9-4882-a53c-00c162f62b5a.csv
2015;141;processos_5f2e2476-b3b9-4882-a53c-00c162f62b5a.csv
2015;176;processos_5f2e2476-b3b9-4882-a53c-00c162f62b5a.csv
2015;188;processos_5f2e2476-b3b9-4882-a53c-00c162f62b5a.csv
2016;138;processos_5f2e2476-b3b9-4882-a53c-00c162f62b5a.csv
2016;151;processos_5f2e2476-b3b9-4882-a53c-00c162f62b5a.csv
2016;157;processos_5f2e2476-b3b9-4882-a53c-00c162f62b5a.csv
2017;82;processos_5f2e2476-b3b9-4882-a53c-00c162f62b5a.csv
2017;112;processos_5f2e2476-b3b9-4882-a53c-00c162f62b5a.csv
2017;137;processos_5f2e2476-b3b9-4882-a53c-00c162f62b5a.csv
2018;153;processos_5f2e2476-b3b9-4882-a53c-00c162f62b5a.csv
2019;77;processos_5f2e2476-b3b9-4882-a53c-00c162f62b5a.csv
2019;145;processos_5f2e2476-b3b9-4882-a53c-00c162f62b5a.csv
2019;221;processos_5f2e2476-b3b9-4882-a53c-00c162f62b5a.csv
2019;241;processos_5f2e2476-b3b9-4882-a53c-00c162f62b5a.csv
2019;322;processos_5f2e2476-b3b9-4882-a53c-00c162f62b5a.csv
2018;125;processos_5f2e2476-b3b9-4882-a53c-00c162f62b5a.csv
2013;6;processos_6412e33f-e411-47ef-894d-0a697714e21f.csv
2020;230;processos_6412e33f-e411-47ef-894d-0a697714e21f.csv
2020;101;processos_6412e33f-e411-47ef-894d-0a697714e21f.csv
2022;231;processos_667ec744-48be-46a4-82c7-92373c880cce.csv
2019;332;processos_6b3fd9c5-ae78-4337-be97-bb0455fe629a.csv
2019;387;processos_6b3fd9c5-ae78-4337-be97-bb0455fe629a.csv
2020;250;processos_6b3fd9c5-ae78-4337-be97-bb0455fe629a.csv
2021;3;processos_6b3fd9c5-ae78-4337-be97-bb0455fe629a.csv
2021;51;processos_6b3fd9c5-ae78-4337-be97-bb0455fe629a.csv
2021;231;processos_6b3fd9c5-ae78-4337-be97-bb0455fe629a.csv
2021;374;processos_6be4ced1-031a-4d21-b087-a56292e59a04.csv
2021;92;processos_6be4ced1-031a-4d21-b087-a56292e59a04.csv
2022;15;processos_6be4ced1-031a-4d21-b087-a56292e59a04.csv
2022;207;processos_6be4ced1-031a-4d21-b087-a56292e59a04.csv
2025;23;processos_6be4ced1-031a-4d21-b087-a56292e59a04.csv
2017;216;processos_6cd01c83-ccfc-4ad0-b1a6-854d8fd7461b.csv
2019;78;processos_6cd01c83-ccfc-4ad0-b1a6-854d8fd7461b.csv
2019;190;processos_6cd01c83-ccfc-4ad0-b1a6-854d8fd7461b.csv
2019;226;processos_6cd01c83-ccfc-4ad0-b1a6-854d8fd7461b.csv
2019;256;processos_6cd01c83-ccfc-4ad0-b1a6-854d8fd7461b.csv
2019;353;processos_6cd01c83-ccfc-4ad0-b1a6-854d8fd7461b.csv
2020;29;processos_6cd01c83-ccfc-4ad0-b1a6-854d8fd7461b.csv
2020;122;processos_6cd01c83-ccfc-4ad0-b1a6-854d8fd7461b.csv
2020;186;processos_6cd01c83-ccfc-4ad0-b1a6-854d8fd7461b.csv
2020;191;processos_6cd01c83-ccfc-4ad0-b1a6-854d8fd7461b.csv
2021;99;processos_6cd01c83-ccfc-4ad0-b1a6-854d8fd7461b.csv
2021;128;processos_6cd01c83-ccfc-4ad0-b1a6-854d8fd7461b.csv
2021;254;processos_6cd01c83-ccfc-4ad0-b1a6-854d8fd7461b.csv
2022;196;processos_6cd01c83-ccfc-4ad0-b1a6-854d8fd7461b.csv
2022;235;processos_6cd01c83-ccfc-4ad0-b1a6-854d8fd7461b.csv
2022;239;processos_6cd01c83-ccfc-4ad0-b1a6-854d8fd7461b.csv
2022;155;processos_6cd01c83-ccfc-4ad0-b1a6-854d8fd7461b.csv
2023;110;processos_6cd01c83-ccfc-4ad0-b1a6-854d8fd7461b.csv
2023;209;processos_6cd01c83-ccfc-4ad0-b1a6-854d8fd7461b.csv
2023;231;processos_6cd01c83-ccfc-4ad0-b1a6-854d8fd7461b.csv
2023;270;processos_6cd01c83-ccfc-4ad0-b1a6-854d8fd7461b.csv
2024;101;processos_6cd01c83-ccfc-4ad0-b1a6-854d8fd7461b.csv
2024;192;processos_6cd01c83-ccfc-4ad0-b1a6-854d8fd7461b.csv
2024;194;processos_6cd01c83-ccfc-4ad0-b1a6-854d8fd7461b.csv
2024;163;processos_6cd01c83-ccfc-4ad0-b1a6-854d8fd7461b.csv
2019;81;processos_6ded537e-ac74-4630-ae71-fc907a55ff87.csv
2021;60;processos_6ded537e-ac74-4630-ae71-fc907a55ff87.csv
2021;68;processos_6ded537e-ac74-4630-ae71-fc907a55ff87.csv
2019;284;processos_6e485e7b-7406-4e2e-a2a6-42f7618263dd.csv
2019;407;processos_6e485e7b-7406-4e2e-a2a6-42f7618263dd.csv
2020;36;processos_6e485e7b-7406-4e2e-a2a6-42f7618263dd.csv
2020;65;processos_6e485e7b-7406-4e2e-a2a6-42f7618263dd.csv
2020;200;processos_6e485e7b-7406-4e2e-a2a6-42f7618263dd.csv
2020;245;processos_6e485e7b-7406-4e2e-a2a6-42f7618263dd.csv
2020;248;processos_6e485e7b-7406-4e2e-a2a6-42f7618263dd.csv
2020;273;processos_6e485e7b-7406-4e2e-a2a6-42f7618263dd.csv
2020;281;processos_6e485e7b-7406-4e2e-a2a6-42f7618263dd.csv
2020;282;processos_6e485e7b-7406-4e2e-a2a6-42f7618263dd.csv
2020;301;processos_6e485e7b-7406-4e2e-a2a6-42f7618263dd.csv
2021;32;processos_6e485e7b-7406-4e2e-a2a6-42f7618263dd.csv
2021;37;processos_6e485e7b-7406-4e2e-a2a6-42f7618263dd.csv
2021;57;processos_6e485e7b-7406-4e2e-a2a6-42f7618263dd.csv
2021;70;processos_6e485e7b-7406-4e2e-a2a6-42f7618263dd.csv
2021;101;processos_6e485e7b-7406-4e2e-a2a6-42f7618263dd.csv
2021;139;processos_6e485e7b-7406-4e2e-a2a6-42f7618263dd.csv
2021;148;processos_6e485e7b-7406-4e2e-a2a6-42f7618263dd.csv
2021;168;processos_6e485e7b-7406-4e2e-a2a6-42f7618263dd.csv
2021;204;processos_6e485e7b-7406-4e2e-a2a6-42f7618263dd.csv
2020;7;processos_6e485e7b-7406-4e2e-a2a6-42f7618263dd.csv
2020;22;processos_6e485e7b-7406-4e2e-a2a6-42f7618263dd.csv
2020;83;processos_6e485e7b-7406-4e2e-a2a6-42f7618263dd.csv
2020;87;processos_6e485e7b-7406-4e2e-a2a6-42f7618263dd.csv
2020;109;processos_6e485e7b-7406-4e2e-a2a6-42f7618263dd.csv
2019;12;processos_6e485e7b-7406-4e2e-a2a6-42f7618263dd.csv
2021;239;processos_6e485e7b-7406-4e2e-a2a6-42f7618263dd.csv
2021;253;processos_6e485e7b-7406-4e2e-a2a6-42f7618263dd.csv
2021;66;processos_6e485e7b-7406-4e2e-a2a6-42f7618263dd.csv
2021;67;processos_6e485e7b-7406-4e2e-a2a6-42f7618263dd.csv
2022;34;processos_6e485e7b-7406-4e2e-a2a6-42f7618263dd.csv
2022;86;processos_6e485e7b-7406-4e2e-a2a6-42f7618263dd.csv
2022;99;processos_6e485e7b-7406-4e2e-a2a6-42f7618263dd.csv
2022;128;processos_6e485e7b-7406-4e2e-a2a6-42f7618263dd.csv
2022;19;processos_6e485e7b-7406-4e2e-a2a6-42f7618263dd.csv
2022;87;processos_6e485e7b-7406-4e2e-a2a6-42f7618263dd.csv
2020;15;processos_730b4314-595c-46c1-9f1e-9f51d0522b9f.csv
2020;126;processos_730b4314-595c-46c1-9f1e-9f51d0522b9f.csv
2020;184;processos_730b4314-595c-46c1-9f1e-9f51d0522b9f.csv
2020;244;processos_730b4314-595c-46c1-9f1e-9f51d0522b9f.csv
2020;271;processos_730b4314-595c-46c1-9f1e-9f51d0522b9f.csv
2022;200;processos_73f15ca1-8a18-41de-aa7a-8849ef0c90cd.csv
2019;206;processos_7425299a-9c4c-4d5d-889a-4b9b79291413.csv
2019;211;processos_7425299a-9c4c-4d5d-889a-4b9b79291413.csv
2019;242;processos_7425299a-9c4c-4d5d-889a-4b9b79291413.csv
2018;77;processos_7425299a-9c4c-4d5d-889a-4b9b79291413.csv
2019;37;processos_7425299a-9c4c-4d5d-889a-4b9b79291413.csv
2017;14;processos_744c80a8-9bbc-4174-aa31-645117e45e07.csv
2018;25;processos_744c80a8-9bbc-4174-aa31-645117e45e07.csv
2018;50;processos_744c80a8-9bbc-4174-aa31-645117e45e07.csv
2018;107;processos_744c80a8-9bbc-4174-aa31-645117e45e07.csv
2018;134;processos_744c80a8-9bbc-4174-aa31-645117e45e07.csv
2018;158;processos_744c80a8-9bbc-4174-aa31-645117e45e07.csv
2018;189;processos_744c80a8-9bbc-4174-aa31-645117e45e07.csv
2018;266;processos_744c80a8-9bbc-4174-aa31-645117e45e07.csv
2018;295;processos_744c80a8-9bbc-4174-aa31-645117e45e07.csv
2018;297;processos_744c80a8-9bbc-4174-aa31-645117e45e07.csv
2018;311;processos_744c80a8-9bbc-4174-aa31-645117e45e07.csv
2018;358;processos_744c80a8-9bbc-4174-aa31-645117e45e07.csv
2018;377;processos_744c80a8-9bbc-4174-aa31-645117e45e07.csv
2019;18;processos_744c80a8-9bbc-4174-aa31-645117e45e07.csv
2019;79;processos_744c80a8-9bbc-4174-aa31-645117e45e07.csv
2019;87;processos_744c80a8-9bbc-4174-aa31-645117e45e07.csv
2019;116;processos_744c80a8-9bbc-4174-aa31-645117e45e07.csv
2019;117;processos_744c80a8-9bbc-4174-aa31-645117e45e07.csv
2019;119;processos_744c80a8-9bbc-4174-aa31-645117e45e07.csv
2019;127;processos_744c80a8-9bbc-4174-aa31-645117e45e07.csv
2019;137;processos_744c80a8-9bbc-4174-aa31-645117e45e07.csv
2019;172;processos_744c80a8-9bbc-4174-aa31-645117e45e07.csv
2019;176;processos_744c80a8-9bbc-4174-aa31-645117e45e07.csv
2019;199;processos_744c80a8-9bbc-4174-aa31-645117e45e07.csv
2019;217;processos_744c80a8-9bbc-4174-aa31-645117e45e07.csv
2019;236;processos_744c80a8-9bbc-4174-aa31-645117e45e07.csv
2019;347;processos_744c80a8-9bbc-4174-aa31-645117e45e07.csv
2019;374;processos_744c80a8-9bbc-4174-aa31-645117e45e07.csv
2019;399;processos_744c80a8-9bbc-4174-aa31-645117e45e07.csv
2019;406;processos_744c80a8-9bbc-4174-aa31-645117e45e07.csv
2020;125;processos_744c80a8-9bbc-4174-aa31-645117e45e07.csv
2020;165;processos_744c80a8-9bbc-4174-aa31-645117e45e07.csv
2020;211;processos_744c80a8-9bbc-4174-aa31-645117e45e07.csv
2020;226;processos_744c80a8-9bbc-4174-aa31-645117e45e07.csv
2020;312;processos_744c80a8-9bbc-4174-aa31-645117e45e07.csv
2020;320;processos_744c80a8-9bbc-4174-aa31-645117e45e07.csv
2020;321;processos_744c80a8-9bbc-4174-aa31-645117e45e07.csv
2021;34;processos_744c80a8-9bbc-4174-aa31-645117e45e07.csv
2021;173;processos_744c80a8-9bbc-4174-aa31-645117e45e07.csv
2018;23;processos_744c80a8-9bbc-4174-aa31-645117e45e07.csv
2018;78;processos_744c80a8-9bbc-4174-aa31-645117e45e07.csv
2019;26;processos_744c80a8-9bbc-4174-aa31-645117e45e07.csv
2019;29;processos_744c80a8-9bbc-4174-aa31-645117e45e07.csv
2019;88;processos_744c80a8-9bbc-4174-aa31-645117e45e07.csv
2021;30;processos_744c80a8-9bbc-4174-aa31-645117e45e07.csv
2022;2;processos_744c80a8-9bbc-4174-aa31-645117e45e07.csv
2021;90;processos_744c80a8-9bbc-4174-aa31-645117e45e07.csv
2022;3;processos_744c80a8-9bbc-4174-aa31-645117e45e07.csv
2023;41;processos_744c80a8-9bbc-4174-aa31-645117e45e07.csv
2023;14;processos_744c80a8-9bbc-4174-aa31-645117e45e07.csv
2023;121;processos_744c80a8-9bbc-4174-aa31-645117e45e07.csv
2023;117;processos_744c80a8-9bbc-4174-aa31-645117e45e07.csv
2023;113;processos_744c80a8-9bbc-4174-aa31-645117e45e07.csv
2023;130;processos_744c80a8-9bbc-4174-aa31-645117e45e07.csv
2023;142;processos_744c80a8-9bbc-4174-aa31-645117e45e07.csv
2023;146;processos_744c80a8-9bbc-4174-aa31-645117e45e07.csv
2023;208;processos_744c80a8-9bbc-4174-aa31-645117e45e07.csv
2023;237;processos_744c80a8-9bbc-4174-aa31-645117e45e07.csv
2023;33;processos_744c80a8-9bbc-4174-aa31-645117e45e07.csv
2023;222;processos_744c80a8-9bbc-4174-aa31-645117e45e07.csv
2023;229;processos_744c80a8-9bbc-4174-aa31-645117e45e07.csv
2023;241;processos_744c80a8-9bbc-4174-aa31-645117e45e07.csv
2023;245;processos_744c80a8-9bbc-4174-aa31-645117e45e07.csv
2023;246;processos_744c80a8-9bbc-4174-aa31-645117e45e07.csv
2023;254;processos_744c80a8-9bbc-4174-aa31-645117e45e07.csv
2023;255;processos_744c80a8-9bbc-4174-aa31-645117e45e07.csv
2023;262;processos_744c80a8-9bbc-4174-aa31-645117e45e07.csv
2023;275;processos_744c80a8-9bbc-4174-aa31-645117e45e07.csv
2023;276;processos_744c80a8-9bbc-4174-aa31-645117e45e07.csv
2024;92;processos_744c80a8-9bbc-4174-aa31-645117e45e07.csv
2024;70;processos_744c80a8-9bbc-4174-aa31-645117e45e07.csv
2024;150;processos_744c80a8-9bbc-4174-aa31-645117e45e07.csv
2024;151;processos_744c80a8-9bbc-4174-aa31-645117e45e07.csv
2024;186;processos_744c80a8-9bbc-4174-aa31-645117e45e07.csv
2024;167;processos_744c80a8-9bbc-4174-aa31-645117e45e07.csv
2018;284;processos_74b25807-9295-4c8d-9b0c-9317e3bf608f.csv
2019;134;processos_74b25807-9295-4c8d-9b0c-9317e3bf608f.csv
2019;268;processos_74b25807-9295-4c8d-9b0c-9317e3bf608f.csv
2020;41;processos_74b25807-9295-4c8d-9b0c-9317e3bf608f.csv
2020;322;processos_74b25807-9295-4c8d-9b0c-9317e3bf608f.csv
2021;76;processos_74b25807-9295-4c8d-9b0c-9317e3bf608f.csv
2021;78;processos_74b25807-9295-4c8d-9b0c-9317e3bf608f.csv
2021;159;processos_74b25807-9295-4c8d-9b0c-9317e3bf608f.csv
2021;206;processos_74b25807-9295-4c8d-9b0c-9317e3bf608f.csv
2019;38;processos_74b25807-9295-4c8d-9b0c-9317e3bf608f.csv
2021;10;processos_74b25807-9295-4c8d-9b0c-9317e3bf608f.csv
2021;75;processos_74b25807-9295-4c8d-9b0c-9317e3bf608f.csv
2021;378;processos_74b25807-9295-4c8d-9b0c-9317e3bf608f.csv
2023;55;processos_74b25807-9295-4c8d-9b0c-9317e3bf608f.csv
2023;27;processos_74b25807-9295-4c8d-9b0c-9317e3bf608f.csv
2023;75;processos_74b25807-9295-4c8d-9b0c-9317e3bf608f.csv
2023;97;processos_74b25807-9295-4c8d-9b0c-9317e3bf608f.csv
2023;95;processos_74b25807-9295-4c8d-9b0c-9317e3bf608f.csv
2023;96;processos_74b25807-9295-4c8d-9b0c-9317e3bf608f.csv
2023;147;processos_74b25807-9295-4c8d-9b0c-9317e3bf608f.csv
2023;313;processos_74b25807-9295-4c8d-9b0c-9317e3bf608f.csv
2023;287;processos_74b25807-9295-4c8d-9b0c-9317e3bf608f.csv
2023;308;processos_74b25807-9295-4c8d-9b0c-9317e3bf608f.csv
2024;7;processos_74b25807-9295-4c8d-9b0c-9317e3bf608f.csv
2023;248;processos_84bbfb39-3c1d-4482-9b6c-03f07a7ffbc0.csv
2019;396;processos_865c5b7d-cdac-4012-bab3-d4962c29317a.csv
2020;215;processos_865c5b7d-cdac-4012-bab3-d4962c29317a.csv
2021;2;processos_865c5b7d-cdac-4012-bab3-d4962c29317a.csv
2021;52;processos_865c5b7d-cdac-4012-bab3-d4962c29317a.csv
2020;197;processos_865c5b7d-cdac-4012-bab3-d4962c29317a.csv
2020;89;processos_865c5b7d-cdac-4012-bab3-d4962c29317a.csv
2021;201;processos_865c5b7d-cdac-4012-bab3-d4962c29317a.csv
2021;215;processos_865c5b7d-cdac-4012-bab3-d4962c29317a.csv
2021;244;processos_865c5b7d-cdac-4012-bab3-d4962c29317a.csv
2021;361;processos_865c5b7d-cdac-4012-bab3-d4962c29317a.csv
2018;354;processos_8dd0f3b0-9d53-4e6e-95ce-2436449f59f2.csv
2018;364;processos_8dd0f3b0-9d53-4e6e-95ce-2436449f59f2.csv
2019;47;processos_8dd0f3b0-9d53-4e6e-95ce-2436449f59f2.csv
2019;230;processos_8dd0f3b0-9d53-4e6e-95ce-2436449f59f2.csv
2019;267;processos_8dd0f3b0-9d53-4e6e-95ce-2436449f59f2.csv
2020;144;processos_8dd0f3b0-9d53-4e6e-95ce-2436449f59f2.csv
2021;217;processos_8dd0f3b0-9d53-4e6e-95ce-2436449f59f2.csv
2019;48;processos_8dd0f3b0-9d53-4e6e-95ce-2436449f59f2.csv
2020;70;processos_8dd0f3b0-9d53-4e6e-95ce-2436449f59f2.csv
2022;140;processos_8dd0f3b0-9d53-4e6e-95ce-2436449f59f2.csv
2023;47;processos_8dd0f3b0-9d53-4e6e-95ce-2436449f59f2.csv
2023;233;processos_8dd0f3b0-9d53-4e6e-95ce-2436449f59f2.csv
2024;4;processos_8dd0f3b0-9d53-4e6e-95ce-2436449f59f2.csv
2024;3;processos_8dd0f3b0-9d53-4e6e-95ce-2436449f59f2.csv
2013;100;processos_97f90719-d482-45db-a41a-d6599ab915d0.csv
2013;173;processos_97f90719-d482-45db-a41a-d6599ab915d0.csv
2013;203;processos_97f90719-d482-45db-a41a-d6599ab915d0.csv
2013;205;processos_97f90719-d482-45db-a41a-d6599ab915d0.csv
2013;207;processos_97f90719-d482-45db-a41a-d6599ab915d0.csv
2014;208;processos_97f90719-d482-45db-a41a-d6599ab915d0.csv
2014;254;processos_97f90719-d482-45db-a41a-d6599ab915d0.csv
2018;21;processos_97f90719-d482-45db-a41a-d6599ab915d0.csv
2018;133;processos_97f90719-d482-45db-a41a-d6599ab915d0.csv
2019;282;processos_97f90719-d482-45db-a41a-d6599ab915d0.csv
2020;131;processos_97f90719-d482-45db-a41a-d6599ab915d0.csv
2020;134;processos_97f90719-d482-45db-a41a-d6599ab915d0.csv
2020;181;processos_97f90719-d482-45db-a41a-d6599ab915d0.csv
2020;214;processos_97f90719-d482-45db-a41a-d6599ab915d0.csv
2013;52;processos_97f90719-d482-45db-a41a-d6599ab915d0.csv
2021;226;processos_97f90719-d482-45db-a41a-d6599ab915d0.csv
2019;238;processos_9b5e7ac5-0e01-4abb-9f15-60612d07bae3.csv
2023;34;processos_a84639b0-4e06-4de8-a110-ae60ed45aca6.csv
2023;12;processos_a84639b0-4e06-4de8-a110-ae60ed45aca6.csv
2024;14;processos_a84639b0-4e06-4de8-a110-ae60ed45aca6.csv
2024;13;processos_a84639b0-4e06-4de8-a110-ae60ed45aca6.csv
2024;27;processos_a84639b0-4e06-4de8-a110-ae60ed45aca6.csv
2025;2;processos_a84639b0-4e06-4de8-a110-ae60ed45aca6.csv
2015;218;processos_adeb6160-6601-4810-bb8b-aa8f54ed986d.csv
2020;254;processos_af26cdd2-939d-47df-bb47-455fd84291cf.csv
2022;156;processos_b30ffc33-1d03-43e0-a6fa-40983062a87c.csv
2018;132;processos_b3281dba-ea9a-4284-b9f5-6ed40070933b.csv
2021;93;processos_b3281dba-ea9a-4284-b9f5-6ed40070933b.csv
2024;201;processos_b3281dba-ea9a-4284-b9f5-6ed40070933b.csv
2023;98;processos_bbd9756e-6938-4cd4-a975-5ec947669dd2.csv
2016;212;processos_c0f84a7a-f11c-4837-9522-82191043e406.csv
2017;154;processos_c0f84a7a-f11c-4837-9522-82191043e406.csv
2017;175;processos_c0f84a7a-f11c-4837-9522-82191043e406.csv
2018;213;processos_c0f84a7a-f11c-4837-9522-82191043e406.csv
2018;340;processos_c0f84a7a-f11c-4837-9522-82191043e406.csv
2019;212;processos_c0f84a7a-f11c-4837-9522-82191043e406.csv
2018;86;processos_c0f84a7a-f11c-4837-9522-82191043e406.csv
2021;393;processos_cd4779d0-ae58-4f57-bc6d-4692cbbb3735.csv
2020;16;processos_df9c1296-b3cb-476e-8fb6-65825fb39523.csv
2016;6;processos_e005bb83-bcf9-4d6b-9995-e1941daebb87.csv
2023;242;processos_e005bb83-bcf9-4d6b-9995-e1941daebb87.csv
2015;177;processos_e3f9c41e-4f0c-4f9c-b6a5-e96f2f8b2242.csv
2017;139;processos_e3f9c41e-4f0c-4f9c-b6a5-e96f2f8b2242.csv
2017;176;processos_e3f9c41e-4f0c-4f9c-b6a5-e96f2f8b2242.csv
2017;219;processos_e3f9c41e-4f0c-4f9c-b6a5-e96f2f8b2242.csv
2018;7;processos_e3f9c41e-4f0c-4f9c-b6a5-e96f2f8b2242.csv
2018;177;processos_e3f9c41e-4f0c-4f9c-b6a5-e96f2f8b2242.csv
2018;224;processos_e3f9c41e-4f0c-4f9c-b6a5-e96f2f8b2242.csv
2018;361;processos_e3f9c41e-4f0c-4f9c-b6a5-e96f2f8b2242.csv
2019;15;processos_e3f9c41e-4f0c-4f9c-b6a5-e96f2f8b2242.csv
2019;95;processos_e3f9c41e-4f0c-4f9c-b6a5-e96f2f8b2242.csv
2019;161;processos_e3f9c41e-4f0c-4f9c-b6a5-e96f2f8b2242.csv
2019;234;processos_e3f9c41e-4f0c-4f9c-b6a5-e96f2f8b2242.csv
2020;155;processos_e3f9c41e-4f0c-4f9c-b6a5-e96f2f8b2242.csv
2021;96;processos_e3f9c41e-4f0c-4f9c-b6a5-e96f2f8b2242.csv
2015;30;processos_e3f9c41e-4f0c-4f9c-b6a5-e96f2f8b2242.csv
2019;68;processos_e3f9c41e-4f0c-4f9c-b6a5-e96f2f8b2242.csv
2018;20;processos_e3f9c41e-4f0c-4f9c-b6a5-e96f2f8b2242.csv
2022;164;processos_e3f9c41e-4f0c-4f9c-b6a5-e96f2f8b2242.csv
2017;135;processos_e5a49aa2-1af2-46e2-a0b9-205bf75495cc.csv
2018;43;processos_e5a49aa2-1af2-46e2-a0b9-205bf75495cc.csv
2018;152;processos_e5a49aa2-1af2-46e2-a0b9-205bf75495cc.csv
2018;265;processos_e5a49aa2-1af2-46e2-a0b9-205bf75495cc.csv
2019;102;processos_e5a49aa2-1af2-46e2-a0b9-205bf75495cc.csv
2021;26;processos_e5a49aa2-1af2-46e2-a0b9-205bf75495cc.csv
2023;52;processos_e5a49aa2-1af2-46e2-a0b9-205bf75495cc.csv
2023;73;processos_e5a49aa2-1af2-46e2-a0b9-205bf75495cc.csv
2023;280;processos_e5a49aa2-1af2-46e2-a0b9-205bf75495cc.csv
2018;195;processos_e801cd06-b557-46c3-92c0-efcf2791a4f5.csv
2023;4;processos_e801cd06-b557-46c3-92c0-efcf2791a4f5.csv
2024;97;processos_e801cd06-b557-46c3-92c0-efcf2791a4f5.csv
2014;246;processos_e81976a8-630e-4a13-b3c3-142586033343.csv
2014;279;processos_e81976a8-630e-4a13-b3c3-142586033343.csv
2020;221;processos_e81976a8-630e-4a13-b3c3-142586033343.csv
2017;43;processos_ea0c05c4-3b74-4c5f-8350-d5635b2bcde0.csv
2018;47;processos_ea0c05c4-3b74-4c5f-8350-d5635b2bcde0.csv
2025;24;processos_efaa7709-72e7-498a-90ce-48774792f714.csv
2019;345;processos_f5cc6997-0909-406b-a5aa-a7fa41314ee3.csv
2019;369;processos_f5cc6997-0909-406b-a5aa-a7fa41314ee3.csv
2019;370;processos_f5cc6997-0909-406b-a5aa-a7fa41314ee3.csv
2020;309;processos_f5cc6997-0909-406b-a5aa-a7fa41314ee3.csv
2017;62;processos_f5ee6400-1371-42d8-b495-e6387b521b6b.csv
2017;218;processos_f5ee6400-1371-42d8-b495-e6387b521b6b.csv
2018;28;processos_f5ee6400-1371-42d8-b495-e6387b521b6b.csv
2018;128;processos_f5ee6400-1371-42d8-b495-e6387b521b6b.csv
2018;180;processos_f5ee6400-1371-42d8-b495-e6387b521b6b.csv
2019;5;processos_f5ee6400-1371-42d8-b495-e6387b521b6b.csv
2019;85;processos_f5ee6400-1371-42d8-b495-e6387b521b6b.csv
2019;99;processos_f5ee6400-1371-42d8-b495-e6387b521b6b.csv
2017;88;processos_f5ee6400-1371-42d8-b495-e6387b521b6b.csv
2016;58;processos_f5fb6ed4-7774-4205-9c66-5f4ea34de2d9.csv
2021;39;processos_f5fb6ed4-7774-4205-9c66-5f4ea34de2d9.csv
2023;92;processos_f9d9df0d-a05b-4665-aa30-678a6c0ec2c9.csv
2016;5;processos_faeb2fc4-e502-4f4f-a92b-cafd764f26c2.csv
2016;81;processos_faeb2fc4-e502-4f4f-a92b-cafd764f26c2.csv
2018;169;processos_fcca68cd-19e2-489b-a2a7-799b209685c7.csv
2022;144;processos_fcca68cd-19e2-489b-a2a7-799b209685c7.csv
