numero;data;origem_arquivo
106/2020;2020-04-14;contrato_000541e3-d399-48c0-8a52-9099990c5c97.csv
1-241/2018;2020-09-09;contrato_007a301b-ef2d-4e19-beef-5b295d0e5770.csv
281/2019;2019-09-13;contrato_00b46ace-d902-4d21-b523-f3db6624061e.csv
97/2019;2019-12-12;contrato_00f24716-23c3-4a24-93fb-23f5864e8b04.csv
123/2020;2020-10-06;contrato_019addf8-e04b-43d0-ab02-c144796bf558.csv
128/2020;2020-06-01;contrato_01ca90e4-c4ee-41b5-9577-512aab28d9b7.csv
60/2019;2019-08-13;contrato_021c5b00-122f-4049-b322-9bb5fc9be5f9.csv
103/2020;2020-04-09;contrato_027a30bc-27ab-4ec6-8a96-4d47ed91bec8.csv
393/2019;2019-12-27;contrato_027f9d47-1914-415c-adec-1382324fda0c.csv
302/2019;2019-10-07;contrato_02e39ac0-c5a7-4209-90e4-863dab5df10b.csv
96/2020;2020-09-03;contrato_0365b58a-598a-4530-aa6e-603b8d6bd6ea.csv
004/20-Parte Var;2020-01-02;contrato_0391c5d1-c89a-48a1-af5d-7b58d6c2a31d.csv
318/2019;2019-11-01;contrato_03d62a86-1541-4b45-9b2f-35664788704c.csv
1-1/2019;2019-12-09;contrato_04a2998c-3db6-45c8-989b-c59b5bed5838.csv
1-141/2018;2020-07-21;contrato_04a95875-9f0d-43b2-9e70-20394c915bd0.csv
66/2019;2019-08-02;contrato_04cb546c-7108-4cb1-be7a-c9dc5907bc3d.csv
24/2019;2019-04-11;contrato_0572a4f6-fdf5-4e61-b510-58ca20f8794f.csv
1-237/2019;2020-02-03;contrato_065a8452-00b3-457f-b2cc-54c71369da14.csv
218/2020;2020-10-27;contrato_066efdc3-e482-4426-9131-a40f48481d36.csv
40/2020;2020-02-21;contrato_06c542b2-20aa-484d-b8cf-f3ff77286556.csv
6-19/2015;2020-02-28;contrato_070db090-6e0d-46b1-989b-f50113329ae4.csv
6-318/2019;2020-08-07;contrato_078bf3b1-4b85-4bce-959c-8a699fec6218.csv
286/2019;2019-09-20;contrato_0895d7f1-299c-4d4f-aed3-53af032998a7.csv
1-212/2019;2019-12-30;contrato_08cea682-b7fb-423c-9d2e-f7f6ccfd645f.csv
144/2020;2020-06-17;contrato_091a3e83-7eea-4dd6-aa00-671c340f08c1.csv
2-212/2019;2020-08-10;contrato_0a8e0415-1ef6-4ce2-9fcb-647607f0106b.csv
290/2019;2019-12-20;contrato_0af5ea05-c3d5-41e2-8f7e-1105f5c70a83.csv
1-127/2020;2020-11-24;contrato_0b2e8f4e-c4a6-4761-824e-4489aa4f84aa.csv
372/2019;2019-12-05;contrato_0b2eafec-c24c-4a73-beda-8cccbf64c0f7.csv
1-87/2019;2019-12-30;contrato_0b3d5af7-3461-4f7a-8599-61f5e23c7487.csv
195/2020;2020-10-02;contrato_0b45b4b3-ec9e-474d-be7e-98d3260d0e16.csv
109/2020;2020-04-17;contrato_0be6da2a-25e4-4d67-bc4a-c9fd4585263d.csv
212/2020;2020-10-20;contrato_0c3edb2e-946e-48ae-bac5-7f1ca3d107ea.csv
112/2020;2020-04-27;contrato_0c4188ee-46c7-4429-8738-89cf1593cb0b.csv
1-90/2019;2019-12-30;contrato_0c4b739a-6f7e-440a-a51e-418344cffcf1.csv
3-293/2018;2019-12-12;contrato_0ca2d2c9-82a4-4cb1-9f8e-b7c1f0b33d13.csv
1-122/2019;2020-02-26;contrato_0d5c8f65-83d7-4268-be1d-b9e8af53c69f.csv
4-150/2015;2019-10-15;contrato_0d5d9986-c5bb-4e44-a158-af9485adbc5f.csv
5/2020;2020-01-20;contrato_0d67fa8c-395b-4040-9761-0de54ddb3b77.csv
5-24/2016;2019-04-15;contrato_0d7623f1-466e-4122-9762-7571b8e33bb2.csv
2-136/2019;2020-10-22;contrato_0e7b64e2-9ad5-4ce0-bd50-bdae92760c04.csv
7-239/2015;2018-09-24;contrato_0e9684d7-73f6-47f8-bad1-4ceaf0c0752e.csv
10/2019;2019-01-09;contrato_0ee8f081-19bf-4a13-afe3-8902c100b471.csv
1-36/2019;2019-12-19;contrato_0f766b43-bddc-4314-ae12-8a79cda9c231.csv
4-12/2019;2019-12-30;contrato_0fac0d40-c329-4214-9b87-aa3d52913f32.csv
2-214/2019;2020-06-09;contrato_1053f20c-bf6f-4ee0-8ab9-4ab3bbc8140a.csv
140/2015;2015-05-20;contrato_108e5065-95b2-4c6a-b47c-43683faced9a.csv
001/19-CIM AMREC;2020-07-01;contrato_10a4cd88-43c4-4435-8469-376141f3c8ee.csv
140/2020;2020-06-15;contrato_10afd890-5a59-4fbd-8bb5-9053f39a0d9a.csv
1-250/2019;2019-12-30;contrato_1144ee2a-7cd0-446b-a3f1-93b864c7df78.csv
7-29/2015;2019-12-19;contrato_11871565-927a-44d8-b986-3d53f2ac95f9.csv
1-146/2019;2019-10-29;contrato_11b58072-8e06-4000-9d2d-17f71c918fb3.csv
197/2020;2020-10-05;contrato_11d2d002-0e55-4667-b801-e57b87903830.csv
2-111/2020;2020-11-24;contrato_1273ad28-38db-4712-b5dd-78e1ea585ccd.csv
24/2016;2016-04-15;contrato_12842bf9-3188-4534-954a-b3c93711d796.csv
113/2020;2020-04-29;contrato_129c5917-7688-46f2-a76c-885cb1e196ce.csv
6-19/2017;2020-10-05;contrato_12a1e621-eebc-4343-a2fd-8439fd159600.csv
191/2020;2020-09-28;contrato_1321f5fc-7efc-45b9-9667-809b60e75b18.csv
1-38/2019;2019-09-27;contrato_1361b42f-dbd3-4684-b7b6-c15843d519e7.csv
371/2019;2019-12-05;contrato_140a3434-5cfa-40fc-8764-2b72a1e9f11f.csv
133/2020;2020-06-08;contrato_144d5df0-0de4-4e7f-bf13-34f277222185.csv
163/2020;2020-07-23;contrato_14fc66c2-1d35-478b-8f8d-a8ab275d0336.csv
55/2020;2020-03-03;contrato_154d718a-d498-4a71-9a2f-820038bec848.csv
8-43/2016;2019-12-13;contrato_1558b5b2-a98f-403b-a96e-f9e128d37705.csv
1-241/2019;2020-07-24;contrato_158fb8f8-1806-45f5-bed0-9837ee763564.csv
120/2019;2019-04-23;contrato_159dbcc0-6242-47f4-a37a-31c48b6e5ad3.csv
349/2019;2019-11-19;contrato_15daed69-86ac-4ff7-a779-5def8ee15dff.csv
1-335/2018;2019-12-17;contrato_1632de95-1bf5-41a7-9940-d7e36c4072c8.csv
89/2020;2020-08-19;contrato_16616f50-88f0-4399-9bd6-f422bf4b5bfe.csv
121/2020;2020-10-02;contrato_1681860f-6daa-47b1-8d2c-b9d98778ef40.csv
180/2019;2019-06-10;contrato_16de9259-708f-49cc-8b59-652f70978fe2.csv
313/2019;2019-10-25;contrato_1701c67c-0479-4b66-89b5-9b1ff0899f02.csv
54/2020;2020-03-03;contrato_173c2bc8-d61a-4162-b05c-9fb0a4127775.csv
4-81/2017;2020-08-18;contrato_179bef4f-2992-4a67-b092-08212240932d.csv
13-11/2016;2020-07-24;contrato_17b0346f-c10a-43b1-a44a-db111d441acd.csv
2-10/2020;2020-06-19;contrato_17be72d0-811e-44b5-b3ce-0a1d94d6050c.csv
151/2020;2020-06-25;contrato_17d662aa-9707-4c72-b7cc-a9a78cc13ee3.csv
241/2018;2018-09-24;contrato_17df483d-a119-4abf-b8dd-9b29d21d4627.csv
3-173/2016;2019-08-13;contrato_1825a609-aabb-4d70-ad00-7d1c627f8404.csv
274/2018;2019-09-25;contrato_186f70f1-4499-4d20-bc9a-24f23956e967.csv
53/2020;2020-03-03;contrato_187cada3-f329-469b-95ee-a7a0b505873b.csv
5-304/2018;2020-07-01;contrato_189b82d7-9508-40b3-9fb0-935225692f83.csv
137/2020;2020-06-12;contrato_18c4e0ce-50d8-4a2e-be67-cb6c9f10f9cb.csv
135/2020;2020-06-10;contrato_18d7dbab-a4ea-4d7c-8cf4-75ff8825f9c1.csv
50/2020;2020-03-03;contrato_197530e9-50a4-49ac-aaa8-d4faa9afbb38.csv
2-14/2019;2020-01-15;contrato_19fc9ce6-68a8-4d58-aff1-2449c55732da.csv
111/2020;2020-04-22;contrato_1a4b71bb-c5fb-4856-a95a-b7affe03368c.csv
2-136/2020;2020-09-08;contrato_1a4cd610-2add-49fc-9406-b0a8f8e07ade.csv
1-18/2018;2019-08-06;contrato_1ac5cf42-f4bc-46a4-8b9c-c821a2366c86.csv
59/2019;2019-03-18;contrato_1acf7b08-0b92-452d-b241-9914df9a41ee.csv
237/2019;2019-08-07;contrato_1b629c0e-ec52-47aa-a66a-b77f86856cda.csv
41/2019;2019-02-25;contrato_1b83210b-b227-4309-aed0-b705d608ba1b.csv
237/2020;2020-11-17;contrato_1bce32e1-25dc-436a-a6c1-2628cc5e1cc6.csv
66/2018;2018-06-20;contrato_1c1b1a3f-84d4-4ea6-88ac-76aa56195e61.csv
1-17/2020;2020-06-24;contrato_1c27108f-5336-4af1-ac09-d6eb03b9299c.csv
31/2020;2020-07-23;contrato_1c6d40f9-3692-4d60-bc19-1f05d3450ded.csv
149/2020;2020-06-25;contrato_1ca57d4a-28d2-41a6-b531-6cb0a7fcad85.csv
17/2020;2020-02-04;contrato_1cf3d9c6-1e34-4f0b-b419-bc31e24a1349.csv
141/2018;2018-05-29;contrato_1d36e987-3c74-417d-b8fa-3ee475057566.csv
344/2019;2019-11-14;contrato_1dd77515-d002-46bd-99c5-be5ef5c58dfa.csv
37/2019;2019-02-20;contrato_1dd95c89-efc2-4652-952b-2a895643d4af.csv
294/2019;2019-09-27;contrato_1e3a99b3-0af7-4882-a24b-c4fb8b2ad172.csv
287/2019;2019-09-23;contrato_1e609b67-4ed0-4c8f-853c-af614f08def2.csv
79/2019;2019-03-28;contrato_1ebc522a-7755-4b78-9e96-72a24962ee8e.csv
259/2020;2020-12-08;contrato_1f08c9ac-d20a-4b85-9a23-731d1572b92f.csv
233/2020;2020-11-09;contrato_1f1acf8f-fde8-4f29-8ecc-4c9152f217fb.csv
202/2020;2020-10-13;contrato_1f25b065-bb84-4cf8-afee-aa6a46ebd47a.csv
4-106/2019;2020-08-21;contrato_1fe465b4-3bfc-426e-a540-e82d6f1e872f.csv
295/2020;2020-12-30;contrato_2021af59-e176-49d8-b60b-fc951a0e24ef.csv
48/2019;2019-03-01;contrato_2065b6b8-9768-4904-94f5-12e40891887b.csv
5-108/2019;2020-08-14;contrato_2077c33f-ce99-4963-b705-8d2610aa755e.csv
4-12/2016;2019-12-30;contrato_20855404-ba40-4a4a-bb8b-023d461c58fb.csv
346/2019;2019-11-18;contrato_21375cc7-3711-4545-b85d-8dabdda47491.csv
35/2019;2019-05-31;contrato_2220ecc4-7a34-49d1-84e1-c567290cc969.csv
215/2019;2019-07-11;contrato_22b9e966-261b-4f9a-8878-3dc34b102cf1.csv
244/2019;2019-08-21;contrato_22ec8fb9-9d42-49d8-9bad-a15d65280e9d.csv
136/2019;2019-05-02;contrato_2307bebf-5cdd-45ae-9334-f5b9810d918b.csv
56/2020;2020-04-15;contrato_236149db-2dfa-4062-a040-1c90e00405e3.csv
217/2020;2020-10-27;contrato_23f7bb94-5123-4a50-9853-4de3da70de0d.csv
4-329/2018;2020-06-17;contrato_24048677-1c16-4692-9b30-5fe47a2ef65b.csv
1-17/2018;2019-07-26;contrato_241071c1-a777-4c89-b6e6-4ffbb92b0ac6.csv
116/2020;2020-09-30;contrato_24545380-4edf-49bd-a223-9b3a6534a7b4.csv
284/2019;2019-09-19;contrato_2488cc39-72a2-407f-9322-f59ca183f00e.csv
2-44/2020;2020-06-15;contrato_24e5b15d-8d89-4a53-aff9-6677cceadbc4.csv
158/2019;2019-05-23;contrato_2508d261-172b-4f07-9f8a-7e0f82ac6271.csv
255/2020;2020-12-08;contrato_2573e3c0-7306-4daa-84e9-41f6831c17c4.csv
179/2020;2020-08-28;contrato_25758b51-12e2-4181-83ad-4f53433a2a70.csv
1-184/2019;2020-05-21;contrato_25901f33-8c2b-4880-a3cc-82f8adbf4ad3.csv
273/2018;2018-11-09;contrato_25c94bad-4cf2-46cb-af7c-78fd058f79dc.csv
201/2020;2020-10-13;contrato_25dde632-bc90-4cd3-b286-899ce09fb004.csv
1-101/2019;2019-12-30;contrato_262ae697-1fc6-4f88-91d9-2b9013d23656.csv
98/2020;2020-09-03;contrato_26a9b486-3bb6-4500-8c8d-3f0772e66412.csv
167/2020;2020-08-03;contrato_26dc3ae9-20a2-4582-b35a-2ca85bd3f156.csv
351/2019;2019-11-19;contrato_26e42d99-15ce-48ce-abfb-88b8f93c43a2.csv
80/2019;2019-10-04;contrato_273553b4-e3b6-493f-9263-b1f8134ceb77.csv
1-17/2019;2020-01-28;contrato_27bdbe25-468a-42ca-a45e-f1cb3ccc3188.csv
82/2020;2020-08-05;contrato_27c09ce3-d981-4f1e-99bc-a8dd6a44757f.csv
108/2020;2020-04-16;contrato_28011e33-434b-4c0f-b695-915f9c400638.csv
220/2019;2019-07-22;contrato_2805e428-a9ec-4c32-90b7-7948d2df4bad.csv
1;2013-01-02;contrato_2819b158-c87c-45c4-a740-6ccaa74cc5fa.csv
76/2020;2020-03-05;contrato_28ad5d0d-9e23-4a5d-827e-a3b4d86e3692.csv
8/2020;2020-01-22;contrato_2920a9ad-7ef7-4c91-95df-358bc075a0b9.csv
215/2020;2020-10-23;contrato_294400a5-8d1b-4f1a-b71f-c9fe4046840a.csv
1-328/2019;2020-10-01;contrato_29845a3c-208c-4470-a0a7-e922a1c0d6c6.csv
154/2020;2020-07-01;contrato_29ccf328-7d0b-4fd3-889e-95d2d5ef8152.csv
1-20/2018;2019-12-10;contrato_2a4c1418-968f-49fe-a25d-cd59ffda3240.csv
260/2020;2020-12-08;contrato_2b17f37f-0deb-49f9-b146-4dea62828adb.csv
1-41/2018;2019-02-12;contrato_2b8c7bd6-c4ea-40bb-803a-83137f0ecd45.csv
71/2019;2019-03-25;contrato_2b8f2263-2c51-41a3-9823-88680c48e2e9.csv
2-164/2020;2020-09-24;contrato_2bdcf214-ab6f-4330-85e6-b0c73d4144c0.csv
171/2020;2020-08-06;contrato_2c3ca94f-d308-4ed7-a52a-2e0937f2b85f.csv
21/2019;2019-04-08;contrato_2ce09127-5f1f-4adf-87b7-57a455845ff4.csv
1-211/2019;2019-12-20;contrato_2ce22bf0-6224-41e7-b923-1fda7053ea1b.csv
394/2019;2019-12-30;contrato_2d453f82-1422-4967-99a0-6ec5edcbfb51.csv
97/2020;2020-09-03;contrato_2d7a544d-fa28-4794-9a88-5f01a5f4682b.csv
5-289/2019;2020-12-08;contrato_2e9f80f8-9d27-4e66-9d12-b480a0191569.csv
2-79/2019;2020-08-14;contrato_2ed67faa-f996-461a-94f5-2c3f0fc2b197.csv
1-009/2019-SVO;2020-09-21;contrato_2f2777c0-4072-44ca-af32-7abf1356fa38.csv
291/2020;2020-12-29;contrato_2f28ecdb-9294-4bd8-9727-b0c1bcf42cba.csv
220/2020;2020-10-27;contrato_2f36ac6e-6021-49f8-845b-99b72c3f7783.csv
162/2020;2020-07-23;contrato_2fb9080f-cb9c-4c0c-a802-4c18a851232f.csv
109/2018;2018-04-23;contrato_2fe3d457-0d3b-47c8-a44f-e222e206d624.csv
251/2020;2020-12-08;contrato_30267108-d854-499c-943d-14c650dacf33.csv
6-36/2014;2019-04-01;contrato_3030c979-cfbc-40b1-a550-912c7ac071d6.csv
9/2019;2019-06-12;contrato_30713567-5e20-4922-a236-a47cb31a0290.csv
181/2020;2020-09-01;contrato_307b8c08-a743-47ec-8626-474e0ff99358.csv
238/2019;2019-08-12;contrato_30ce1ded-3881-4570-888a-69d1e039ffb9.csv
93/2020;2020-08-19;contrato_30f6d840-5461-42a3-b517-f266c30aeca4.csv
5-255/2019;2020-10-13;contrato_3109d318-b1a0-4754-a7d1-b78a18d978d2.csv
52/2020;2020-03-03;contrato_311bd617-eb7a-4732-a56e-30818c19a2c4.csv
256/2020;2020-12-08;contrato_3145ccf1-a1fe-4daa-bf60-c1b4fe14bee6.csv
267/2018;2018-11-05;contrato_31cd2604-f50b-41e9-9fe0-e01c7b866341.csv
8-24/2014;2019-04-03;contrato_329448a3-4bd0-4179-bcec-8a051313bb1f.csv
36/2019;2019-02-22;contrato_3348f92f-1563-4a89-925c-772d7ab98036.csv
333/2019;2019-11-08;contrato_342d081b-4740-4173-b568-bcd67f3bb25c.csv
6-255/2019;2020-12-01;contrato_345ea151-a9ff-46db-954c-ab34db3e15e8.csv
1-399/2019;2020-07-13;contrato_35216811-d2a9-4453-b759-cb637ba7ab50.csv
3-219/2018;2019-09-27;contrato_353f9f39-792c-4f6d-8c07-db7ba9771aaa.csv
122/2020;2020-05-20;contrato_354e2ca1-a3b0-473a-b708-81e5567b001e.csv
16/2019;2019-11-01;contrato_35753df3-9d51-48c4-b19c-0973b2195807.csv
293/2020;2020-12-29;contrato_35c3da82-85a7-44d9-a4ea-28d166872880.csv
68/2019;2019-08-19;contrato_367dad7e-5e28-41ec-9796-8351d8e052c4.csv
115/2020;2020-05-13;contrato_36c66a1b-cb1f-4a25-931a-d792fcf798e6.csv
2-18/2018;2020-08-03;contrato_379e89b5-9847-4654-bd9a-40bde6c76ad7.csv
5-121/2016;2020-02-07;contrato_37cdd4fe-0fba-4132-bffb-e2a46057435b.csv
1-28/2019;2020-01-22;contrato_380f826c-0c17-4c97-93b6-aa3c5990802a.csv
381/2019;2019-12-17;contrato_384752f4-e742-4dd6-a49a-c531b547789b.csv
399/2019;2019-12-30;contrato_3886a80f-a969-4579-9486-797147be43eb.csv
203/2020;2020-10-14;contrato_389058ab-d190-437b-b892-bfc11956a8d5.csv
2-157/2018;2019-11-22;contrato_390ab28b-2983-497b-b191-7917400b9f86.csv
2-241/2019;2020-08-13;contrato_391d97c1-e9b4-4f1a-9c65-157b0c56ad3b.csv
385/2019;2019-12-19;contrato_39853479-f445-460c-b7a7-416aee7b4408.csv
3-265/2018;2020-01-28;contrato_398c16ce-9f76-4e2f-92bf-ec68a4ec3b33.csv
13-23/2012;2019-03-29;contrato_39e79b76-e7f1-4c96-b423-e2bed64724a9.csv
3-47/2020;2020-09-16;contrato_3a5c06ff-b458-4093-83e4-04d30bda150f.csv
78/2020;2020-07-30;contrato_3a87f379-ee1a-4528-9a3b-7ecc404efbd4.csv
1-154/2020;2020-10-05;contrato_3aa36ea9-9b26-4f69-aa77-5ac3fa229574.csv
147/2020;2020-06-19;contrato_3ae294c3-19fb-4e3e-a023-d3b6af54ffb7.csv
277/2020;2020-12-21;contrato_3b84493a-ebfa-4c09-a499-d8e18274fd81.csv
65/2019;2019-11-07;contrato_3c5f5395-b0ee-48c8-b716-1978f56352f6.csv
4-255/2019;2020-07-06;contrato_3d0468fb-d005-48ef-8717-79f87b2fac35.csv
353/2019;2019-11-19;contrato_3e6afad4-3ca6-4a3f-9f96-49b246ce50a5.csv
119/2019;2019-04-23;contrato_3ed70eaa-f0dd-4716-a3b9-0db1c299aeff.csv
398/2019;2019-12-30;contrato_3edbc9a8-f28c-44e2-ad23-7838800446db.csv
96/2019;2019-12-12;contrato_3f8825ec-daed-451e-a715-c5909322bd6c.csv
8-72/2017;2019-07-09;contrato_3ffc6150-69b0-489e-86ce-b9ef97935204.csv
182/2020;2020-09-01;contrato_405eab0c-063e-4bd7-9405-72fc12b6d436.csv
135/2020;2020-10-13;contrato_40668dd9-b5f0-4bd8-8ae8-5514aaa21269.csv
235/2020;2020-11-12;contrato_408624fb-0b28-4d3c-9570-1dd1b93c731e.csv
1-179/2019;2019-12-13;contrato_40e95fbd-6542-4ca0-894c-cbab320e2e72.csv
222/2020;2020-10-27;contrato_40f98707-4ca5-43d7-b804-6553a6b85194.csv
102/2020;2020-04-09;contrato_420c70b7-a983-485e-970d-762a62633a21.csv
99/2020;2020-09-03;contrato_426957b8-3250-4ad5-9403-a101eefbaa68.csv
384/2019;2019-12-19;contrato_42b0724d-24da-451c-9117-45c49f33342e.csv
85/2019;2019-11-07;contrato_42bab160-d20c-4865-a956-bc9a297494cb.csv
194/2020;2020-09-30;contrato_430da1d2-e3af-4e6a-8f3c-02506d0b701b.csv
1-30/2018;2019-03-05;contrato_438f56ae-e850-4697-8fb8-de84923bd37b.csv
56/2020;2020-03-03;contrato_43f45cde-addd-41fa-8305-51799c6bd493.csv
13/2019;2019-07-19;contrato_443a7718-a336-4e54-829d-7862dd28a981.csv
222/2019;2019-07-23;contrato_44954444-750b-4d33-aa42-43e92c4a1573.csv
2-1/2019;2020-10-29;contrato_4510df1f-4010-4977-9824-c010f8a471a1.csv
6/2019;2019-01-28;contrato_4529b32f-7e26-45e7-8b21-a49be85b6426.csv
7/2019;2019-06-07;contrato_45ca8386-d58e-4e49-bd26-0fe6c2ed4151.csv
3/2020;2020-01-16;contrato_460d937b-7adb-469d-bc46-d85e4d4731fd.csv
192/2020;2020-09-29;contrato_463f9a63-1c64-4c5d-b780-2bd9c24e6186.csv
186/2020;2020-09-17;contrato_46a50bc9-3dc6-4314-ba90-dc814df0b75b.csv
66/2020;2020-06-25;contrato_46f73a44-9070-4653-8351-61d85f157daa.csv
1-153/2019;2019-12-19;contrato_470c8e6b-aad4-4fc3-a6d7-ae511cc6f897.csv
289/2019;2019-09-25;contrato_477b65fb-1a3d-49eb-900c-3bf0cc80b88a.csv
257/2020;2020-12-08;contrato_477e1495-73be-452a-bd17-3d9d435f3a97.csv
1-82/2020;2020-11-23;contrato_47bcd68a-8e36-4fb6-b641-c5210f78e0ee.csv
1-37/2019;2019-12-19;contrato_48596b37-398e-4489-bb9c-e81ace1bb418.csv
17/2019;2019-01-21;contrato_48669b09-4733-4c66-afd8-638356d91918.csv
185/2020;2020-09-15;contrato_4899408b-52ee-4229-b504-6f11f2275e3f.csv
60/2020;2020-03-03;contrato_48e13bf5-f442-427d-905c-dd5ce3f94348.csv
164/2020;2020-12-16;contrato_49b81a52-dbca-43a4-8e5d-565b66fa907e.csv
2-132/2018;2020-08-14;contrato_49e4fad3-db52-40a8-964b-66dd602cd3a0.csv
84;2018-02-22;contrato_4a2fcd9a-82d4-43a7-a874-98115edf58a3.csv
28/2019;2019-05-15;contrato_4b07476b-2652-4902-beda-8ee8bee007fa.csv
38/2020;2020-02-21;contrato_4b0f575a-192f-491f-9a3d-8a5d6a9052a9.csv
75/2020;2020-03-05;contrato_4bc73b95-79fa-4a02-a0b9-6615b6b2b2ac.csv
390/2019;2019-12-23;contrato_4bd8b4ea-86b2-48c5-876b-80be0ca6c976.csv
95/2020;2020-03-17;contrato_4be6d2f9-0cd8-4e8b-8911-6ce22d8dbddf.csv
28/2020;2020-03-09;contrato_4c0aa726-953e-4f6c-b215-25169b15af66.csv
134/2020;2020-10-13;contrato_4c3b72e7-6265-4fc9-adac-1bee8d993cfb.csv
94;2020-08-21;contrato_4c51e7b2-21fe-40f9-a668-59178f5c7f8e.csv
1-213/2019;2019-12-19;contrato_4cf120b4-a75f-4e99-9090-d9f7e90bd402.csv
293/2018;2019-12-12;contrato_4cf4348d-ddfe-470e-8a23-4d5d8a40713e.csv
2-219/2019;2020-02-10;contrato_4cf4edc8-f51c-412e-a06a-c87ae118a84c.csv
009/2019-SVO;2020-01-02;contrato_4cfdb4a6-1bca-4f55-812e-9bf53e4c94ff.csv
73/2019;2019-08-23;contrato_4dbd6f50-14a9-445b-82ac-d7332597249f.csv
15-11/2016;2020-09-22;contrato_4dd7075d-d655-4db5-b4f3-d7659fe670c3.csv
66/2018;2019-08-02;contrato_4e21fb33-fc5c-4998-8a88-efbc99173e75.csv
261/2020;2020-12-08;contrato_4e3333e3-7094-4181-a11f-1c951e1f2e85.csv
224/2019;2019-07-25;contrato_4e4814b5-5ee6-4ac9-b4b9-a8f154f677d1.csv
15-44/2011;2019-03-01;contrato_4e570628-384b-4cca-96c6-39b92b1b130f.csv
81/2020;2020-03-06;contrato_4e745533-3c92-4005-af97-a3b558e58158.csv
255/2019;2019-08-29;contrato_4e8c3330-a680-4d9f-b757-67a667198d82.csv
2-281/2018;2019-12-13;contrato_4f31490e-ebe0-46ab-b2d9-b23e4116d629.csv
262/2020;2020-12-08;contrato_4f35ce62-376b-4bc3-b25c-0f3a771a4a1f.csv
334/2019;2019-11-08;contrato_4f9a5e5e-031d-45d4-a21f-cafb41a611e3.csv
200/2020;2020-10-08;contrato_5036f634-61dd-47a2-ab85-995cafa295a1.csv
2-86/2020;2020-09-30;contrato_5050d732-2b5f-48e2-97f6-5f64b2a8d635.csv
15/2020;2020-01-30;contrato_50663f9f-d35f-4f8b-8cbd-4c4262da3790.csv
369/2019;2019-12-05;contrato_51604ba4-8c47-489d-ae43-345f9f63cad6.csv
1-15/2019;2019-06-03;contrato_51d7517b-a82b-4a2b-bbdf-6702310f4d50.csv
0;1800-01-01;contrato_52049f27-2dc6-4dab-8be6-3775401e664f.csv
4-148/2018;2020-06-17;contrato_52c556fe-b797-4e8d-8e97-ae7afa82b8ae.csv
1-273/2018;2019-08-01;contrato_53354ede-8b59-441c-86ab-8eef722608d2.csv
2-44/2018;2019-03-06;contrato_53441082-5f51-4db8-8d7b-d4138552891f.csv
1-78/2020;2020-10-09;contrato_53807cc5-2de3-4351-aadc-4de2b131946f.csv
1-246/2019;2019-12-30;contrato_55df27d5-9791-4898-835f-468400b267a4.csv
4-64/2015;2019-03-16;contrato_564552b9-c577-45ba-a3da-22c3dd810bb3.csv
382/2019;2019-12-17;contrato_569b1943-5072-4235-a9f1-e7ccb2997ee4.csv
308/2019;2019-10-15;contrato_58265cbc-99ba-4c3b-acb6-029aad34d129.csv
129/2020;2020-10-13;contrato_5859ad3d-1cfb-40d7-927f-c5b6674b65a1.csv
5-121/2018;2020-04-13;contrato_585a96e7-d92e-419b-9d6f-167bfb74383d.csv
397/2019;2019-12-30;contrato_588c8d17-2e9d-47e0-ad73-2b8b03ac1a97.csv
317/2019;2019-10-31;contrato_5975b36c-ff6b-4f2e-92d6-30e0fde02c8c.csv
2-118/2019;2020-01-15;contrato_59b9dfb7-1081-433c-b9ff-6285df417086.csv
301/2020;2020-12-30;contrato_5a1b48fa-5253-4e37-881c-60878f95b9a8.csv
3-179/2019;2020-07-01;contrato_5b30a74b-8b36-48b9-92f0-e2dceb64bbd0.csv
4/2016;2016-01-04;contrato_5c174988-597d-4914-998d-eb4b9e332f90.csv
49/2020;2020-03-02;contrato_5c81e882-41f9-4439-9461-d0822a8b071b.csv
373/2019;2019-12-09;contrato_5d2763bc-837c-4aa0-b4ad-4a10a2f59057.csv
131/2020;2020-10-13;contrato_5d6556a5-5a0d-446f-a38a-900a3e152707.csv
214/2020;2020-10-22;contrato_5dac0699-b94b-4b8c-9a00-53bd5aae1124.csv
3-214/2019;2020-07-02;contrato_5dc46182-03ba-4b4b-8f91-3b1343ad9c04.csv
96/2020;2020-03-17;contrato_5e928df8-c392-438a-a2de-878a3ff23884.csv
386/2019;2019-12-20;contrato_5f6c4bff-ff5b-4b74-9791-f876f384af2f.csv
3;2016-02-29;contrato_6025d5a5-e259-439b-89da-b34dfea8d38d.csv
227/2018;2018-09-12;contrato_60299e2f-c10c-4ebe-bd45-04dbc772b884.csv
63/2020;2020-05-14;contrato_602fd4b7-faec-483b-90d6-893d0a9c9b23.csv
356/2019;2019-11-27;contrato_60aa1e77-8fb3-4b04-aa4e-f5c32ab615be.csv
288/2019;2019-09-23;contrato_60edca0e-69c5-45ec-8fb7-d434528ea595.csv
3-266/2018;2020-10-27;contrato_612f246b-9034-4ca0-96cd-3a9161e764ca.csv
59/2020;2020-03-03;contrato_61590714-694b-4863-8b34-75501bee1796.csv
328/2019;2019-11-04;contrato_6169c5a5-a09d-43f7-9636-b629ac754fd3.csv
114/2019;2019-04-22;contrato_618f4528-ec13-4271-a861-8c621ddcd385.csv
47/2020;2020-03-02;contrato_62739ebf-9d9c-4a1b-acd3-ca6629ee0de8.csv
211/2019;2019-12-20;contrato_62792a96-f4b3-43a1-846c-4745d01945e7.csv
107/2020;2020-04-15;contrato_62e4ab15-fa51-4662-9da6-74ccd819bd66.csv
2-145/2017;2019-12-19;contrato_63607f2b-e6c1-419a-95b6-7a90343fdd8a.csv
2-335/2018;2020-01-31;contrato_6380d663-c330-41e1-8178-609e62fb61b9.csv
122/2019;2019-04-24;contrato_6382b0f3-edcb-40fb-bbe4-41f84943de45.csv
1-39/2018;2019-03-06;contrato_63ba2122-af21-4a47-bede-2790d078fb0f.csv
68/2020;2020-06-25;contrato_63f039d1-2abe-4629-b5f5-2ebdf632684b.csv
377/2019;2019-12-12;contrato_6438c6f4-edb6-4cf8-8ce1-30dfcade38ec.csv
6-58/2015;2019-03-18;contrato_64413a90-944b-47f3-a044-f5059110aba8.csv
258/2020;2020-12-08;contrato_64d61fc8-475d-43d5-94f3-da79d7fd23e9.csv
253/2020;2020-12-08;contrato_65148c3b-b382-4be0-b61a-bf6dc14480cf.csv
138/2020;2020-06-12;contrato_654fb7b8-131a-448d-8a43-877ee255f07e.csv
265/2018;2018-10-30;contrato_65781556-b661-4036-9546-86e47eb04b1a.csv
289/2020;2020-12-29;contrato_65fdd283-570b-4f73-8cc9-7f4b454b068d.csv
214/2019;2019-07-11;contrato_66e96e19-3320-4942-9d5a-bdbf225b78a3.csv
2-110/2020;2020-10-07;contrato_6740df67-d02d-401d-94af-75bc36389429.csv
316/2019;2019-10-30;contrato_6747a725-074a-4078-86df-5caa910e7a78.csv
1-141/2020;2020-10-19;contrato_67c1ff78-a5e6-4af6-a4ee-d3b380d98532.csv
341/2011;2011-07-05;contrato_67e572dc-975c-44a7-a1ae-7466b5178e1f.csv
310/2019;2019-10-17;contrato_687360a9-c90f-466c-9a77-269fa665b30f.csv
6-316/2019;2020-07-01;contrato_688bf559-9d38-48b1-8eae-801388c4eba0.csv
274/2018;2018-11-09;contrato_68cf7db1-5e5e-4c0f-865a-e60c898a4b96.csv
1-19/2017;2018-06-21;contrato_695f7ea3-3bea-438d-8a9f-e0ecc5cd2491.csv
148/2018;2018-06-08;contrato_6a37d309-7b9a-48c3-a061-0ce3f5b3b74f.csv
1-76/2020;2020-06-12;contrato_6a39e4b8-e138-42dc-8731-7abbbe2749e5.csv
18/2019;2019-03-14;contrato_6a4de990-9d20-48df-ac7e-0ed6f5810050.csv
51/2020;2020-03-03;contrato_6ac5019f-7cfe-4ce0-a19e-aaf43980b532.csv
41/2020;2020-02-26;contrato_6ad650c9-9461-42b7-bc32-2ac600e87d09.csv
368/2019;2019-12-05;contrato_6ae83dba-7bf3-4b79-877b-c1c0823274d5.csv
19/2020;2020-02-10;contrato_6b436b7e-f878-4350-a2af-5c5dbbad38b6.csv
266/2019;2019-09-06;contrato_6bb9bad6-db7a-4db9-a226-aac33e5935c1.csv
100/2020;2020-04-09;contrato_6c4e2498-0902-4fc1-bdb8-9362c6c81fb4.csv
282/2020;2020-12-23;contrato_6cdc80ba-9ce3-47f1-943f-aada793d1336.csv
114/2020;2020-05-08;contrato_6ce9d051-0329-48bd-b0be-f37290193d94.csv
239/2019;2019-08-12;contrato_6d03d7e1-5257-453d-a0e6-445c75a8447c.csv
83/2020;2020-03-06;contrato_6e679ec4-9d2b-4ee1-a236-5ddb0db9e49c.csv
78/2020;2020-03-05;contrato_6eb297dd-7e00-45aa-b1ff-e83e8935c41d.csv
1-220/2019;2019-11-28;contrato_702e55f9-2e23-4ca1-baaf-70c1dbab5c86.csv
5-148/2018;2020-08-26;contrato_7068dfaa-7a9e-499e-b6ff-3f9ab2ef9af4.csv
198/2020;2020-10-05;contrato_7129d250-585c-49c7-8c7f-145cf2d40109.csv
1-135/2018;2019-05-20;contrato_722fffc1-9ecd-42a5-93b6-8ae22b94c595.csv
137/2020;2020-10-23;contrato_7257a3f0-17d7-437c-907e-196a4a566f7e.csv
285/2019;2019-09-20;contrato_73643d4c-5f4c-4f33-a415-1e0fb059a244.csv
204/2020;2020-10-14;contrato_7410e8ac-9385-4fcb-b4ca-dc1e9a86710d.csv
44/2020;2020-02-27;contrato_74262f92-6536-4155-92b1-f0a6ef91c96e.csv
58/2020;2020-03-03;contrato_7458b1a7-8e1f-4ddc-94e0-c31e9a572389.csv
2-256/2018;2020-01-28;contrato_75351aca-7e91-42cf-9df3-829412aebbc3.csv
6-11/2016;2019-04-02;contrato_75b26fa9-6ae7-4abd-b5bc-60efb8ceee08.csv
305/2020;2020-12-30;contrato_76279722-f558-45e4-9b81-6e4a477a9ecd.csv
80/2020;2020-03-05;contrato_76f88120-a33f-49ce-9bd2-b3fcc4f51ec3.csv
3-136/2019;2020-10-28;contrato_776ad7fb-4808-4221-b790-0c6c2238e4f4.csv
234/2020;2020-11-10;contrato_77d28022-3c0a-4ce3-856e-6340af0563c4.csv
359/2019;2019-11-28;contrato_788094ec-d356-4e7a-b238-f8275338f8e9.csv
90/2020;2020-03-13;contrato_79119b01-088f-47a9-a611-d3ec5f7dd402.csv
12-239/2015;2020-08-05;contrato_7b91ca1d-82f7-4645-bb79-ae37e630b4ce.csv
9/2020;2020-10-23;contrato_7b98a6f4-fe33-4c2e-9aab-571acb80f248.csv
88/2020;2020-08-19;contrato_7be25f43-a70b-4847-9cae-22d3db976021.csv
1-80/2020;2020-12-02;contrato_7becfcfd-cc94-4c11-8b7a-dd7a08d17ffb.csv
141/2020;2020-06-15;contrato_7c21fd9d-d5ce-4d2c-a44c-e9f2767cfed8.csv
3-169/2019;2020-06-26;contrato_7d6305c9-a34c-4d78-9748-68656317bb87.csv
16/2019;2019-01-21;contrato_7da909db-f6d8-4453-bfe0-1e5c8e6284d2.csv
5-190/2019;2020-11-30;contrato_7de3241f-4f1b-4d31-9929-3ab39c2d2e61.csv
73/2019;2019-03-25;contrato_7e44e6f5-3eb5-4850-9949-1f9c18963988.csv
142/2020;2020-06-15;contrato_7e81a84a-ea9f-4a2c-bb2b-fe026a9f0f0f.csv
2-386/2019;2020-07-13;contrato_7ee00257-7cb3-4123-9344-49c4dcb18d64.csv
1-6/2019;2019-12-19;contrato_7f29b8c9-4258-4fea-b0cc-90ca45264a53.csv
1-48/2019;2020-02-28;contrato_801159d9-22d1-4afb-bc9b-51ae923663c8.csv
2-356/2019;2020-08-11;contrato_8145d7a3-25b6-4295-a76f-d11a767616df.csv
41/2019;2019-06-21;contrato_815b442f-b0ba-4da5-a4a6-70a9c9dcd1ce.csv
127/2018;2018-09-26;contrato_817a8512-2593-4ff6-924c-086576f14e4f.csv
77/2020;2020-03-05;contrato_81f57545-898f-4ca6-bfa5-c5e790b14691.csv
395/2019;2019-12-30;contrato_8358d059-8bd9-47eb-9d35-7a2fde5a3ea3.csv
57/2020;2020-03-03;contrato_837a45fd-2201-455b-b5b6-985f5000ca1b.csv
2-36/2018;2019-12-19;contrato_83cd66c2-a895-4bec-9017-c2dca573dc69.csv
105/2020;2020-04-14;contrato_83da1028-7859-47db-b60c-5969c094bff5.csv
3-44/2018;2020-01-29;contrato_83df3fe0-bfae-4032-9d55-edbefe885dc4.csv
18-226/2010;2019-03-20;contrato_8495ee27-9f2a-46f2-98ca-80eb9b31a594.csv
1-84/2019;2019-12-30;contrato_84ca8d2b-dcc1-4ce0-852a-4bb69a377ff9.csv
39/2020;2020-02-21;contrato_850d056d-79ae-4b77-acf2-e8fd0fcc3ab0.csv
9/2020;2020-01-27;contrato_86f00c12-4e58-4a9e-ac55-2d4cbcab43d6.csv
90/2020;2020-08-19;contrato_878d68b6-7364-40e1-850e-6aab06cfe2f7.csv
2-268/2018;2020-11-06;contrato_884c2cf4-9344-46e9-b538-fad368537363.csv
2-102/2018;2019-04-15;contrato_88b5aacf-4390-4101-a767-f5636b8d1e93.csv
2-48/2018;2019-06-05;contrato_893d835a-d4b0-4d65-be4d-e25009714729.csv
43/2019;2019-06-27;contrato_893ec571-0a11-49ae-b20d-00ffb9d683d8.csv
5-246/2015;2019-11-21;contrato_89826a44-e6a2-4768-8875-fdaa60d6f37c.csv
67/2020;2020-06-25;contrato_89c74fd5-c241-402b-9fb9-2376ac109763.csv
63/2020;2020-03-03;contrato_8a35327d-6c2d-4299-9f77-6e00bc77b1fd.csv
136/2020;2020-10-13;contrato_8a5923e9-1353-45d7-8442-51fc5ebf834b.csv
269/2020;2020-12-18;contrato_8b465a0e-9e52-43c2-9ca7-8cec8cae491a.csv
209/2020;2020-10-19;contrato_8b521d42-3ffc-4c7d-bf0f-d4d8c514000b.csv
3-65/2019;2020-10-22;contrato_8d535b1e-02ca-4f10-b3dd-339e5303bd38.csv
387/2019;2019-12-23;contrato_8d765b41-bc52-4a2f-ac70-8c10702b132e.csv
43/2020;2020-02-27;contrato_8dabb7bf-f66c-4e41-bbaf-a16c3eb0f265.csv
1-306/2019;2019-12-30;contrato_8e6650ab-fcd8-47d3-85b3-1a3bf7bde9b0.csv
1-79/2019;2020-03-27;contrato_8f366c30-dd2d-4f23-9939-d6b0f6e2a74e.csv
1/2020;2020-02-18;contrato_8f66a898-9462-4a4b-8775-b88b7d877ec7.csv
389/2019;2019-12-23;contrato_8fae48ef-0e4e-4eda-9f5a-5bb4352b9dc2.csv
130/2020;2020-10-13;contrato_8fb80e99-b249-4ace-b4c1-8f9b62fb3502.csv
1-48/2020;2020-07-02;contrato_903edc4d-57c6-4159-a5ed-42a6b96eb677.csv
3-14/2019;2020-09-01;contrato_90580b14-e708-4680-b464-582b38251852.csv
100/2020;2020-09-03;contrato_906394fe-8c89-44d8-b2c0-61feac88fea2.csv
3-37/2019;2020-07-23;contrato_9076e095-3165-40db-9ded-565dc12080b6.csv
4-137/2017;2020-11-27;contrato_9141ca0a-267e-458b-a31c-08446105a111.csv
7/2020;2020-01-20;contrato_91f3e51a-f861-4093-ad65-db5c42a8477b.csv
6-240/2015;2018-09-03;contrato_9206f239-990a-43a0-ac32-7a02055d01e7.csv
85;2019-11-07;contrato_9354710f-b4af-4cf9-a0e5-15762dcb07c5.csv
164/2020;2020-07-27;contrato_941824b4-8785-46ce-b05c-54beca37322c.csv
1-56/2018;2019-03-20;contrato_943770dd-3281-474b-b4f2-8dab2d592923.csv
190/2019;2019-12-20;contrato_943ee4b8-1c1e-4f05-a661-7e06752b0ae7.csv
2-90/2019;2020-11-24;contrato_943f4daa-4902-4640-9457-0bcc88ffae45.csv
279/2019;2019-09-11;contrato_94a3a572-b42d-4658-a541-93d83447712d.csv
180/2020;2020-09-01;contrato_94fa4b13-a7e1-4d48-8b16-1fa9bb0d2c29.csv
3-28/2017;2020-08-17;contrato_95a025c8-cd2c-4b95-a515-c8543e59b422.csv
4-59/2015;2019-03-17;contrato_961f3c1c-f7e0-4019-8a96-c00de8ba0944.csv
2-152/2020;2020-12-01;contrato_97041186-0b48-463f-9f2b-dc04d11625f4.csv
314/2019;2019-10-28;contrato_9731734e-b988-4ed5-80c7-d52caa82bba8.csv
98/2019;2019-12-12;contrato_98b883b8-6b7d-4ff9-bfeb-9d81b9f1e25b.csv
196/2020;2020-10-05;contrato_990fd62a-65f5-4f14-86cd-75797d89ddd6.csv
48/2020;2020-03-02;contrato_9a1956d7-5202-4c3e-a1b7-afe4a96597fd.csv
94/2020;2020-08-21;contrato_9aa357f9-3930-4dc8-b4b6-06a187a5ae81.csv
16/2020;2020-02-04;contrato_9afe2397-46d5-4c0b-b304-0a6355a48d64.csv
4-72/2019;2020-01-17;contrato_9b10d725-07bf-4fc7-9ce7-c0d84601e21a.csv
4-256/2018;2020-10-09;contrato_9b962c14-18f6-441e-81b6-774cf9fb9059.csv
266/2020;2020-12-15;contrato_9bdd63d1-48ad-4443-9567-a12d2bfe98e8.csv
28/2019;2019-02-08;contrato_9c70b046-8241-495d-94f1-108bf12eb822.csv
6/2019;2019-12-19;contrato_9d0b2e9d-7d68-40ed-ae87-b615e282dffd.csv
1-249/2019;2019-12-30;contrato_9db5c230-1994-41f8-80b1-7380e72a60f8.csv
004/2020;2020-01-02;contrato_9e0c5b56-486f-4b84-952e-4498be77ab5e.csv
166/2019;2019-05-29;contrato_9e6b128e-3e00-434d-8071-70a9cfa3ebcb.csv
1-145/2017;2018-10-22;contrato_9f079278-a921-44eb-8992-4d512fe00527.csv
345/2019;2019-11-14;contrato_a0920e09-8c88-44fc-8b6b-6bf3af841d91.csv
237/2015;2015-11-19;contrato_a0e0a504-3cb1-457b-8c40-943a62c8ed97.csv
20-262/2007;2019-03-28;contrato_a116d3ba-40ee-4bc7-b43d-0c6cd9038b2d.csv
161/2020;2020-07-23;contrato_a14dd30f-8b31-4491-81c0-fc78580ce6cf.csv
250/2018;2018-10-05;contrato_a1b4b00a-f4ea-4695-8378-02ec806af269.csv
343/2019;2019-11-13;contrato_a1d9aeb1-9d9e-4ed6-aa8d-34bd2d079129.csv
290/2019;2019-09-26;contrato_a1f0b846-6085-44ed-9d02-3433667670e5.csv
5-158/2019;2020-11-26;contrato_a25c68e4-3d49-40f1-8f2c-7b44cb30de9e.csv
101/2020;2020-09-03;contrato_a28691d8-f9d0-4281-a948-1ad19da7528d.csv
4-7/2016;2019-03-29;contrato_a29da645-8aa6-485c-aa14-5f95e9ef9773.csv
1-81/2019;2019-12-20;contrato_a2ae808d-7c4a-4e60-ba6c-55c73bc756e4.csv
139/2020;2020-06-12;contrato_a2bcff3d-4f7d-4531-841b-df29bf248167.csv
316/2019;2019-12-17;contrato_a2da0f55-b157-4368-9472-0e4397d453d2.csv
168/2012;2012-04-25;contrato_a2e518ec-cc14-4278-b160-aa37ba33ddf5.csv
350/2019;2019-11-19;contrato_a31681a8-641b-45ef-91a1-c5b583200cdf.csv
98/2020;2020-03-18;contrato_a44bc657-2dee-41f0-92da-6f2957ed1b67.csv
4-46/2017;2020-04-08;contrato_a4cad053-0dd9-4f87-9f5c-7a353294821e.csv
360/2019;2019-11-29;contrato_a4ed334a-c679-44b1-9ab2-732a72eceb10.csv
184/2019;2019-06-14;contrato_a51eabd5-6a6b-42e3-bb4c-6f4fb6aa3659.csv
246/2020;2020-12-02;contrato_a5ba7593-de84-46f0-b059-d849bfd870c8.csv
132/2020;2020-10-13;contrato_a777c7a2-60c9-44d4-9bf4-d4aa15b8c0f0.csv
92/2020;2020-08-19;contrato_a8837d03-87f8-4abb-85c6-461a82eb5064.csv
133/2020;2020-10-13;contrato_a9346285-fb53-45a8-85aa-8823d435759a.csv
258/2019;2019-09-05;contrato_a9de311b-99a0-4d4e-ac67-1700a82b6c17.csv
2-28/2017;2019-08-16;contrato_a9f6c270-93b1-4d62-8cad-dae8bd646c92.csv
33/2020;2020-03-20;contrato_aa062506-2d72-4a3e-9336-13f0564a3575.csv
1-166/2019;2020-02-26;contrato_ab5db1f8-92c4-4efd-822e-5dc525762e04.csv
1-247/2019;2019-12-30;contrato_ab95ccd7-aa8f-4d02-bb68-85270ad8b205.csv
177/2020;2020-08-27;contrato_abcaead8-b861-43e7-a781-0e5b86529d73.csv
1-248/2019;2019-12-30;contrato_ac1a10ba-b5e3-483d-b8ff-c201e24738c9.csv
135/2019;2019-05-02;contrato_ad0b634f-b6af-43ee-b5ee-7fde70e549fd.csv
363/2019;2019-12-03;contrato_ad119c62-9172-4d68-9cdc-a39a0807b139.csv
267/2019;2019-09-10;contrato_ad8b9ecd-e1e6-462d-ae78-ccb6f95c51d9.csv
1-86/2019;2019-12-30;contrato_adbf670f-b84d-4403-82be-6eb3155c0e0f.csv
61/2020;2020-03-03;contrato_af6d5d79-d864-473e-862c-e2caefb405d2.csv
145/2020;2020-06-17;contrato_b08c5d5e-bc06-4305-95b6-01dab06a6d6b.csv
152/2020;2020-06-25;contrato_b12c21a6-6c08-41f3-a60d-9bc9c0981731.csv
143/2020;2020-06-15;contrato_b138d718-79ef-40e4-9051-43c9babc4807.csv
2-289/2018;2019-11-22;contrato_b19b5868-3e06-4de4-a52d-6c36be923d22.csv
2-244/2019;2020-10-05;contrato_b24d7d1d-389c-4a18-ad8c-896afcf8b0fe.csv
189/2020;2020-09-25;contrato_b28d4dcf-2a81-43f0-9bc2-6af0c66a2655.csv
2-7/2020;2020-06-24;contrato_b3984640-d3f7-4b95-9c99-f82fbad5857e.csv
110/2020;2020-04-22;contrato_b3ef729e-cc66-4003-943e-6e6900c55c48.csv
8-41/2016;2018-06-20;contrato_b5087a64-bf7a-4928-88a8-66342aa58c60.csv
6;2013-01-02;contrato_b5cb6c87-ad05-42a3-a775-945e5d064da4.csv
148/2020;2020-06-19;contrato_b5ce45ad-bcca-4a23-a2e9-a49a0f04b26e.csv
2-46/2020;2020-09-30;contrato_b5e969b0-7ab1-426f-9873-5a5fa9cc539a.csv
99/2020;2020-04-09;contrato_b615c701-db0f-4338-9349-1d3e1b4c2965.csv
118/2019;2019-04-23;contrato_b62acca8-3d74-497a-9478-889bc35d0791.csv
1-358/2019;2020-11-23;contrato_b66ebed1-3cd6-4daf-8165-140fe3b59c7f.csv
205/2019;2019-07-03;contrato_b6e028b5-84e7-4246-a7a0-c70275aeb64f.csv
38/2019;2019-09-27;contrato_b7b7fa1d-2c39-4036-a7ae-66c8b3d21bdc.csv
42/2020;2020-02-27;contrato_b7c4d236-6209-49be-89f1-46afdd525b3c.csv
204/2018;2018-08-06;contrato_b7d77d54-9e99-496c-a5bb-916cb010284a.csv
189/2019;2019-06-17;contrato_b87c2be7-3c82-4c09-8345-c4f4756b1aef.csv
6/2020;2020-01-21;contrato_b8853528-9169-4bb2-a227-2050efe3d1c0.csv
242/2019;2019-08-20;contrato_b924dd24-1e3c-4877-a3a4-506bb1ac3059.csv
13-35/2015;2019-03-28;contrato_b9736a6b-0bd0-4f40-a1ae-b5b6b30fa162.csv
106/2019;2019-04-12;contrato_ba68d2c7-c8dd-4669-aba6-e3b0ddbacbf2.csv
86/2020;2020-08-14;contrato_bad23a2a-76f4-4e36-89be-06730588d874.csv
4-318/2019;2020-06-17;contrato_baeb6755-a150-4b6b-896f-53dc86b5cb81.csv
94/2020;2020-03-16;contrato_bb51cddc-3c3b-4fd8-8c9e-3afece15d249.csv
375/2019;2019-12-11;contrato_bb57f16e-22dc-4c0e-a653-50937b5547bf.csv
241/2019;2019-08-14;contrato_bcfb2335-9e5a-40ac-b390-209a263baf88.csv
1-372/2019;2020-04-30;contrato_bd185e15-18b5-43bb-8cb5-a765f93db1d1.csv
46/2020;2020-03-02;contrato_bd7a9a11-6b1c-4800-95f9-0a1b71c57146.csv
104/2020;2020-04-09;contrato_bf0ed1a5-37aa-497a-816d-57f7116c4e16.csv
1-43/2019;2019-07-19;contrato_bf894006-5086-4a3f-b985-251d2579f5dd.csv
3-220/2019;2020-06-16;contrato_c0f5012e-f047-4264-8925-e39b91c9f9e8.csv
68;2020-06-25;contrato_c1515108-74e5-40ef-9a3b-333fa7f43c68.csv
102/2020;2020-09-10;contrato_c1b5d351-a310-4d92-94b2-62677338279e.csv
1-137/2020;2020-11-19;contrato_c2ffdd41-0c26-4f04-922b-ece31671c4dd.csv
6-232/2015;2019-11-01;contrato_c3fff34d-281b-4655-bc17-8b4b91f23eac.csv
370/2019;2019-12-05;contrato_c4221a45-b1b4-436c-8bc8-7524c9ee55d7.csv
1-15/2019;2019-12-19;contrato_c44dd63f-cfd1-4e96-8ecf-375245c197f2.csv
5-66/2018;2020-12-08;contrato_c48796ba-2be6-40b5-9047-5ff6ee490a55.csv
5-90/2016;2019-11-19;contrato_c5d50697-5cb5-4d54-9415-c611351f112d.csv
219/2020;2020-10-27;contrato_c63c6e27-d26e-475e-9569-d9354d4797d5.csv
2-56/2018;2020-03-26;contrato_c647bec3-92bf-4235-8f71-f4f4142b298a.csv
10-274/2018;2020-11-30;contrato_c6c8ff69-c0e0-40cf-853e-a40e64eda66a.csv
119/2020;2020-05-19;contrato_c6f1ee25-ab19-46e5-89b5-33925b1919b1.csv
1-263/2018;2019-10-26;contrato_c713401a-64af-41bc-a0a8-b069cfa89dee.csv
2-119/2019;2019-09-22;contrato_c73763ec-9bc3-4b9d-892b-9a86856c3d01.csv
291/2019;2019-09-27;contrato_c7a56fc8-6658-49d1-bde7-700b24458d58.csv
79/2020;2020-03-05;contrato_c8497501-892d-4c6c-83c4-f2058bfd0a81.csv
391/2019;2019-12-27;contrato_ca0b9375-6e15-4b90-846f-9367fa443b2d.csv
16/2017;2017-06-01;contrato_cafeabef-66e5-47dd-9d98-1c4463d3c92a.csv
48/2019;2020-02-28;contrato_cb68983f-0409-4168-a370-70a714cfa78e.csv
3-86/2016;2019-10-18;contrato_cc5a5b8c-6b0b-47f7-8be0-231633bbb590.csv
132/2018;2018-05-17;contrato_cc5a5ff2-07b2-4d4e-a876-1dedc31657ea.csv
5-61/2016;2020-03-27;contrato_cd72f5c6-7e3c-4ad1-ab51-8fed1e8f3e48.csv
362/2019;2019-12-03;contrato_cdd1a6cc-f312-4b67-a806-f132b791a6ab.csv
2-158/2019;2020-08-12;contrato_cdedbcb0-6d6b-479f-9e7e-15d6c70357aa.csv
4-61/2016;2019-03-29;contrato_ceacd316-f36c-42ea-9bc1-ff53ace84352.csv
1-281/2019;2020-01-24;contrato_cf3a155e-9b49-4703-b45b-cad71b613327.csv
105/2020;2020-09-11;contrato_cf908069-46a1-423c-92c1-9e86b7314bd0.csv
128/2020;2020-10-13;contrato_cfb371e7-ebc9-4e7c-9a8c-de876e2b499e.csv
1-242/2019;2020-09-02;contrato_d0a63a58-4ef8-4e69-8972-91e0c6868eb8.csv
352/2019;2019-11-19;contrato_d207a4c1-8d35-4833-bc4e-30a983f74397.csv
62/2020;2020-03-03;contrato_d23edfb7-1013-45de-bfcc-bd0cbf99b1ee.csv
1-201/2018;2019-07-26;contrato_d2418415-6ba2-465e-92f0-ebbc5597e861.csv
87/2020;2020-03-09;contrato_d262a33c-e391-41a2-89da-52385aecf9cf.csv
5-290/2019;2020-08-05;contrato_d34e14b4-0269-4486-bf79-a27bf9cdb528.csv
374/2019;2019-12-09;contrato_d38f3f82-1bec-4953-9cdd-4de9b99dc03b.csv
1-21/2018;2019-12-12;contrato_d4061aaa-58b5-41e1-8695-bba5da9112b1.csv
1-291/2019;2020-06-17;contrato_d40cedc2-dc39-4bdd-8ed8-93660e802fa7.csv
2-111/2018;2019-12-19;contrato_d42e96fa-d667-4f38-841d-908fde0bb280.csv
116/2020;2020-05-14;contrato_d45ac76d-42d4-4a32-b266-93c136794b25.csv
357/2019;2019-11-28;contrato_d4f766ff-f82f-4d06-bde4-113d059f903f.csv
1-23/2020;2020-06-30;contrato_d66c712a-5fbc-4422-acb0-7284066879e3.csv
136/2020;2020-06-12;contrato_d6aae0f8-495e-49a5-bbcc-a4ba67fea4c4.csv
11;2016-01-04;contrato_d6bc8edb-6979-41ff-adf0-3219cc724276.csv
4-84/2018;2020-04-09;contrato_d70be32a-4567-4851-b8cd-f9c358f7dcd0.csv
2-48/2020;2020-10-07;contrato_d72d9856-ce25-40d3-b3fc-6075e369ae4b.csv
329/2019;2019-11-06;contrato_d73a65d5-18fe-45f1-8b75-7f734e7e7585.csv
1-268/2018;2019-11-05;contrato_d7651872-b469-4ae4-a20a-04a0385fb0b0.csv
156/2020;2020-07-02;contrato_d7c950b5-74c1-4a77-beac-bd322223f5f1.csv
379/2019;2019-12-16;contrato_d827482a-21d2-46e6-a938-48c2afe6323a.csv
376/2019;2019-12-11;contrato_d880410d-7370-4788-974c-a231ca6a15f7.csv
8;2014-05-23;contrato_d916e7b2-f5b4-43f4-aa3e-42f98ca56f3f.csv
232/2020;2020-11-09;contrato_d92c36e9-00ad-4016-ad57-6d185af8bf54.csv
89/2020;2020-03-13;contrato_d92d5c25-4a29-477d-8f4f-1c0d6409ff2f.csv
98/2019;2019-04-08;contrato_d9c961f3-45ee-41ec-b856-96f79850fb99.csv
1-391/2019;2020-08-26;contrato_d9d4b4eb-a07e-4779-b5b9-eb2a104bd99a.csv
1-381/2019;2020-06-08;contrato_da3cd56c-1b3f-454c-9c48-7ae8db812df6.csv
2/2020;2020-01-16;contrato_dad8c855-8b38-470f-b2d1-6bc2da0d62a0.csv
46/2019;2019-07-16;contrato_dadc40b3-03c1-4a05-a9a2-3f306b41f8da.csv
358/2019;2019-11-28;contrato_db25c266-cb24-48e3-bc08-9cb1599da6c4.csv
1-254/2019;2019-10-03;contrato_dbe4a15d-fcb2-4a64-a17f-de7cad08ca06.csv
4-26/2016;2019-04-05;contrato_dc339878-86eb-4b66-80a0-d1b57481ddb7.csv
1-13/2019;2019-12-19;contrato_dd614ef5-8db6-4fe4-a332-7341d702ad70.csv
13/2020;2020-01-28;contrato_ddae442d-fda2-4e9d-b45a-6f5b1660753b.csv
1-47/2018;2019-04-02;contrato_de283bae-96d9-4c86-b956-288c747e1496.csv
8-11/2016;2020-01-16;contrato_de86fd94-04b6-405f-b406-822582925196.csv
4-48/2018;2020-06-12;contrato_deb9890e-2fc1-4bf8-8ec3-186587ae3695.csv
378/2019;2019-12-12;contrato_debfb6a1-a2ce-4aeb-ae42-1143084bc533.csv
6-102/2018;2020-06-18;contrato_df951d03-a7e5-42cd-9e8d-d59053fb976a.csv
1-113/2019;2019-10-18;contrato_e03cd2f0-ad2d-4b24-bbff-99611b2a8e61.csv
2-89/2020;2020-08-28;contrato_e0aadcbb-c8b3-470c-985c-0082899ef76f.csv
101/2020;2020-04-09;contrato_e1dae0ed-6235-4d5e-a1a6-992a53f12c9d.csv
59/2019;2019-07-25;contrato_e1eb7c8a-8ec9-400d-bd0c-4de2f588cd18.csv
91/2020;2020-08-19;contrato_e2261450-ad36-4c80-97ad-f19ec3c4e40b.csv
7/2020;2020-01-22;contrato_e25a8f3b-a042-4992-a41a-0d8d1d450bd6.csv
2-150/2019;2020-12-08;contrato_e4312c86-bcca-428d-a69a-ca1b39091293.csv
169/2019;2019-05-30;contrato_e44c3205-7254-4f61-9363-e5cf71d98855.csv
392/2019;2019-12-27;contrato_e492463c-fee9-48d2-905b-d8366af2b0a8.csv
3-345/2019;2020-10-26;contrato_e59669e7-9521-477e-b93e-ec423faed937.csv
108/2019;2019-04-15;contrato_e6f27027-1906-472e-b7e6-b41a6d397e08.csv
3-380/2019;2020-09-10;contrato_e704aa7a-ee35-4ced-9d94-6c7d2db6a088.csv
32/2020;2020-03-20;contrato_e83865fa-2394-4148-ad62-6205c09c0256.csv
3-148/2019;2019-12-20;contrato_e8e4e4cc-319c-4729-b5eb-bfb3632453b3.csv
117/2020;2020-05-14;contrato_e8f946cd-e9ef-4264-9bce-99b7665a187a.csv
1-150/2019;2019-12-19;contrato_ea472068-ad0d-4023-9cd8-9baf66f6734a.csv
7/2020;2020-10-02;contrato_ea72841f-8195-46c6-a6f3-ab869bb243de.csv
1-318/2019;2020-01-30;contrato_ea90cb8d-0c0f-40a2-8662-baac39549131.csv
3-304/2018;2020-02-03;contrato_eb8c2a67-e3be-4c8f-b824-737f19250405.csv
13-239/2015;2020-10-08;contrato_ebaa5d65-c183-4157-b35f-3c49ed6c87fb.csv
184/2020;2020-09-03;contrato_ed0c957c-e4b5-4805-afd8-38744cf8c83f.csv
158/2020;2020-07-17;contrato_ed7b3435-f1ef-4804-b9c3-59177f48119e.csv
4-219/2018;2019-10-04;contrato_ee48b818-d054-43da-81b4-e09eb4cb7e4a.csv
1-118/2019;2019-11-28;contrato_eed353bc-37ef-4c9d-8a14-3395a26fb2be.csv
320/2019;2019-11-01;contrato_ef0fd889-f772-486f-b11c-3b17809080dd.csv
8/2020;2020-01-20;contrato_ef1c8f1b-0f3d-4db6-925f-e6076a5456c4.csv
2-95/2017;2019-08-16;contrato_f0d14e39-3fe5-4b3e-8242-7d70e5c2a30f.csv
1-77/2020;2020-10-09;contrato_f0ecabbe-624d-4026-a02f-9787605790c9.csv
1-308/2019;2020-04-20;contrato_f1a74fc2-b205-4a87-9495-1380bda287d9.csv
254/2020;2020-12-08;contrato_f2a79713-b2b4-41b2-82e3-5a6df4f34e69.csv
14-11/2016;2020-08-20;contrato_f3292b70-152c-493d-8d88-a24741ec6d3b.csv
3-11/2019;2019-12-30;contrato_f354503a-8892-4597-b504-cce5b7a1d94d.csv
3-148/2018;2020-06-15;contrato_f3815e20-75c3-4acb-8a2e-02d325f48cfe.csv
72/2019;2019-03-25;contrato_f5f9f2e2-dee6-449d-97c8-093a30d7bdc5.csv
1-256/2018;2019-10-10;contrato_f6bb682d-165a-4af3-be82-0b80f2e4b559.csv
6/2020;2020-01-16;contrato_f6c67703-c4b9-44e8-822c-1f0691d2a33c.csv
53/2019;2019-07-23;contrato_f6de4100-2283-448e-8bf6-55c31c4aed73.csv
1-3/2019;2020-01-02;contrato_f6e00262-5f32-4147-a284-3a300abbe054.csv
14-35/2012;2019-03-29;contrato_f6f8c4f6-1495-4f93-9926-1cc8f9f0fa40.csv
155/2020;2020-07-01;contrato_f7245b50-3551-45db-ad84-da66036bb3cd.csv
176/2020;2020-08-25;contrato_f8f5c76a-d542-4432-abf8-cf237dee4134.csv
3-291/2019;2020-11-30;contrato_f9b4dbaa-2e16-485d-821a-a00a8e964c61.csv
238/2020;2020-11-18;contrato_f9cb9e14-812c-45b9-b3ea-f4ff10ba1387.csv
26/2019;2019-05-08;contrato_fa89422a-a563-49c0-91c8-df03b26f4ca0.csv
1-314/2019;2020-06-02;contrato_fa9ce4f2-8334-40e9-8e0a-2d48932e2fe8.csv
29;2015-03-25;contrato_fcc91969-0967-4d59-8e8b-ecf432e21435.csv
150/2020;2020-06-25;contrato_fe72ad08-f727-470f-96e0-06ff650c6566.csv
3-241/2019;2020-11-30;contrato_fe7592a0-79f0-4958-81c1-04aea59ea101.csv
2-57/2019;2020-02-14;contrato_fe7d1c69-4d31-4ccc-be11-61fec2340680.csv
99/2019;2019-12-12;contrato_ff17e13b-5468-4dd3-b1ef-6275fb5ca9a7.csv
2-55/2018;2019-03-27;contrato_ffed5d4f-57a6-4790-a43a-9022c7068a96.csv
