numeroConvenio;dataConvenio;origem_arquivo
2107-01;2019-11-04;convenio_061d0780-c3c3-4866-94ed-bdff67af310a.csv
002;2019-11-29;convenio_15f450c1-efb0-4ba8-be1e-8ac3babf2c7d.csv
233;2019-10-29;convenio_2142d368-a665-4400-bf7a-7a08f0aa699b.csv
2154;2019-10-30;convenio_32b98e0c-1b90-4e96-8689-baed09094cf5.csv
3-1967;2019-02-28;convenio_5006f820-7d0e-42b7-82d9-429846959427.csv
2105;2019-05-02;convenio_76865a7d-2518-489e-baab-40473b324374.csv
3-1965;2019-01-08;convenio_7a5cf159-4220-4ad0-9a3e-aa128b03d7f5.csv
2106;2019-05-02;convenio_7bbd9d89-fb7a-4db1-a180-a763deae09af.csv
012;2019-11-29;convenio_81c0bbdf-282c-44aa-ba4f-05b32bcb4495.csv
2153;2019-10-30;convenio_824060ce-4027-4503-81dd-d2a030d866d2.csv
1996;2018-12-27;convenio_8eaf7c07-88e8-4c6c-9b78-92631dcdf2f2.csv
1964;2019-01-08;convenio_96d11b09-cd9b-481e-a4e8-0db9a8c72694.csv
231-1;2019-10-16;convenio_99c3bf3f-de7b-455e-9e88-d854babcab49.csv
1965;2019-01-08;convenio_9f102ec6-b449-4b41-a49f-91c517adb3e3.csv
234-1;2019-10-16;convenio_ca1f15c8-8cf3-46fd-ac83-1e61637d5ce0.csv
013;2019-11-29;convenio_d0d91bc8-7bed-4107-80f3-4983534a76a8.csv
2181;2019-12-23;convenio_d9a88dce-9648-4e25-88f6-1308d7f8c230.csv
1998;2018-12-27;convenio_e6f541d4-23d2-4567-8b21-061c9fa3a4e8.csv
2180;2019-12-23;convenio_f110784e-4451-415e-9442-c91acba50c5c.csv
